{
  "type": "Coverity CLI Diagnostics Data",
  "version": 1,
  "general": {
    "coverity-static-analysis-version": "2025.9.0"
  },
  "capture": {
    "primary-capture-mode": "Build",
    "command-line": "C:\\Users\\AlBessey\\.blackduck\\bridge\\tools\\cov-thin-client\\2025.9.0\\bin\\coverity.exe capture --dir C:\\blackduck\\tests\\VB-net\\all-my-code\\product1\\.bridge\\polaris_coverity_capture\\2025.9.0\\idir -o analyze.location=connect",
    "working-directory": "C:\\blackduck\\tests\\VB-net\\all-my-code\\product1",
    "project-directory": "C:\\blackduck\\tests\\VB-net\\all-my-code\\product1",
    "intermediate-directory": "C:\\blackduck\\tests\\VB-net\\all-my-code\\product1\\.bridge\\polaris_coverity_capture\\2025.9.0\\idir",
    "configuration-file-path": "C:\\blackduck\\tests\\VB-net\\all-my-code\\product1\\coverity.yaml",
    "configuration": {
      "command-line-overrides": [
        "--config-override",
        "analyze.location=connect"
      ],
      "file-configuration": {
        "capture": {
          "build": {
            "build-command": "msbuild MediaPlayerUI.sln /t:Build",
            "clean-command": "msbuild MediaPlayerUI.sln /t:Clean"
          }
        },
        "analyze": {
          "aggressiveness-level": "high",
          "checkers": {
            "all": true,
            "android-security": true,
            "audit": true,
            "c-family-security": true,
            "concurrency": true,
            "default": true,
            "rule": true,
            "webapp-security": {
              "enabled": true,
              "aggressiveness-level": "high"
            }
          },
          "cov-analyze-args": [
            "--enable-audit-dataflow"
          ],
          "parse-warnings": {
            "enabled": true
          },
          "trust": {
            "all": false
          }
        },
        "commit": null
      },
      "effective-configuration": {
        "capture": {
          "build": {
            "build-command": "msbuild MediaPlayerUI.sln /t:Build",
            "clean-command": "msbuild MediaPlayerUI.sln /t:Clean"
          }
        },
        "analyze": {
          "aggressiveness-level": "high",
          "checkers": {
            "all": true,
            "android-security": true,
            "audit": true,
            "c-family-security": true,
            "concurrency": true,
            "default": true,
            "rule": true,
            "webapp-security": {
              "enabled": true,
              "aggressiveness-level": "high"
            }
          },
          "cov-analyze-args": [
            "--enable-audit-dataflow"
          ],
          "location": "connect",
          "parse-warnings": {
            "enabled": true
          },
          "trust": {
            "all": false
          }
        },
        "commit": null,
        "caching": {
          "bytecode": true,
          "tu": false,
          "wur": true
        }
      },
      "configuration-hash": "81fdd0cb1116afc9647f0da28b1385d5a597531386e420add6e3fdb057e899db"
    },
    "capture-summary": {
      "files-captured": 53,
      "ignored": 6,
      "lines-of-code": 2990,
      "succeeded": 53
    },
    "capture-rate": 100,
    "command-info": [
      {
        "command-line": "C:\\Users\\AlBessey\\.blackduck\\bridge\\tools\\cov-thin-client\\2025.9.0\\bin\\cov-manage-emit --dir C:\\blackduck\\tests\\VB-net\\all-my-code\\product1\\.bridge\\polaris_coverity_capture\\2025.9.0\\idir create",
        "cwd": "C:\\blackduck\\tests\\VB-net\\all-my-code\\product1",
        "env": {
          "COVERITY_CACHE_API_TOKEN_FILE": "C:\\Users\\AlBessey\\AppData\\Local\\Temp\\polaris_coverity_cache905186056\\.authKey",
          "COVERITY_CACHE_KEY": "03f591f9-c714-4349-8557-1235a21ef1d6",
          "COVERITY_CACHE_URL": "https://poc.polaris.blackduck.com/api/cache",
          "COVERITY_CLI_CAPTURE_ZIP_ARCHIVE": "C:\\blackduck\\tests\\VB-net\\all-my-code\\product1\\.bridge\\polaris_coverity_capture\\idir.zip",
          "COVERITY_CLI_POLARIS_CLIENT": "true",
          "COVERITY_CLI_POLARIS_SIGMA": "C:\\Users\\AlBessey\\.blackduck\\bridge\\tools\\sigma\\2025.10.0\\sigma.exe",
          "COVERITY_NO_LOG_ENVIRONMENT_VARIABLES": "1"
        },
        "start-time": "2025-12-02T12:24:51.8984391-05:00",
        "end-time": "2025-12-02T12:24:53.1065714-05:00",
        "duration": 1208132300
      },
      {
        "command-line": "C:\\Users\\AlBessey\\.blackduck\\bridge\\tools\\cov-thin-client\\2025.9.0\\bin\\cov-internal-manage-cache check",
        "cwd": "C:\\blackduck\\tests\\VB-net\\all-my-code\\product1",
        "env": {
          "COVERITY_CACHE_API_TOKEN_FILE": "C:\\Users\\AlBessey\\AppData\\Local\\Temp\\polaris_coverity_cache905186056\\.authKey",
          "COVERITY_CACHE_KEY": "03f591f9-c714-4349-8557-1235a21ef1d6",
          "COVERITY_CACHE_URL": "https://poc.polaris.blackduck.com/api/cache",
          "COVERITY_CLI_CAPTURE_ZIP_ARCHIVE": "C:\\blackduck\\tests\\VB-net\\all-my-code\\product1\\.bridge\\polaris_coverity_capture\\idir.zip",
          "COVERITY_CLI_POLARIS_CLIENT": "true",
          "COVERITY_CLI_POLARIS_SIGMA": "C:\\Users\\AlBessey\\.blackduck\\bridge\\tools\\sigma\\2025.10.0\\sigma.exe",
          "COVERITY_NO_LOG_ENVIRONMENT_VARIABLES": "1"
        },
        "start-time": "2025-12-02T12:24:53.1110002-05:00",
        "end-time": "2025-12-02T12:24:54.9831225-05:00",
        "duration": 1872122300
      },
      {
        "command-line": "C:\\Users\\AlBessey\\.blackduck\\bridge\\tools\\cov-thin-client\\2025.9.0\\bin\\cov-manage-emit --dir C:\\blackduck\\tests\\VB-net\\all-my-code\\product1\\.bridge\\polaris_coverity_capture\\2025.9.0\\idir list-capture-diagnostics",
        "cwd": "C:\\blackduck\\tests\\VB-net\\all-my-code\\product1",
        "env": {
          "COVERITY_CACHE_API_TOKEN_FILE": "C:\\Users\\AlBessey\\AppData\\Local\\Temp\\polaris_coverity_cache905186056\\.authKey",
          "COVERITY_CACHE_KEY": "03f591f9-c714-4349-8557-1235a21ef1d6",
          "COVERITY_CACHE_URL": "https://poc.polaris.blackduck.com/api/cache",
          "COVERITY_CLI_CAPTURE_ZIP_ARCHIVE": "C:\\blackduck\\tests\\VB-net\\all-my-code\\product1\\.bridge\\polaris_coverity_capture\\idir.zip",
          "COVERITY_CLI_POLARIS_CLIENT": "true",
          "COVERITY_CLI_POLARIS_SIGMA": "C:\\Users\\AlBessey\\.blackduck\\bridge\\tools\\sigma\\2025.10.0\\sigma.exe",
          "COVERITY_NO_LOG_ENVIRONMENT_VARIABLES": "1"
        },
        "stdout-tail": [
          "{",
          "  \"type\" : \"Coverity Capture Diagnostics\",",
          "  \"format_version\" : 4,",
          "  \"captured-files\" : []",
          "}"
        ],
        "start-time": "2025-12-02T12:24:55.0020855-05:00",
        "end-time": "2025-12-02T12:24:55.0440561-05:00",
        "duration": 41970600
      },
      {
        "command-line": "C:\\Users\\AlBessey\\.blackduck\\bridge\\tools\\cov-thin-client\\2025.9.0\\bin\\cov-configure -c C:\\blackduck\\tests\\VB-net\\all-my-code\\product1\\.bridge\\polaris_coverity_capture\\2025.9.0\\idir\\coverity-cli\\build-compiler-configs\\coverity_config.xml --compiler gcc --comptype gcc --template",
        "cwd": "C:\\blackduck\\tests\\VB-net\\all-my-code\\product1",
        "env": {
          "COVERITY_CACHE_API_TOKEN_FILE": "C:\\Users\\AlBessey\\AppData\\Local\\Temp\\polaris_coverity_cache905186056\\.authKey",
          "COVERITY_CACHE_KEY": "03f591f9-c714-4349-8557-1235a21ef1d6",
          "COVERITY_CACHE_URL": "https://poc.polaris.blackduck.com/api/cache",
          "COVERITY_CLI_CAPTURE_ZIP_ARCHIVE": "C:\\blackduck\\tests\\VB-net\\all-my-code\\product1\\.bridge\\polaris_coverity_capture\\idir.zip",
          "COVERITY_CLI_POLARIS_CLIENT": "true",
          "COVERITY_CLI_POLARIS_SIGMA": "C:\\Users\\AlBessey\\.blackduck\\bridge\\tools\\sigma\\2025.10.0\\sigma.exe",
          "COVERITY_NO_LOG_ENVIRONMENT_VARIABLES": "1"
        },
        "stdout-tail": [
          "",
          "Generated coverity_config.xml at location C:/blackduck/tests/VB-net/all-my-code/product1/.bridge/polaris_coverity_capture/2025.9.0/idir/coverity-cli/build-compiler-configs/coverity_config.xml",
          "Successfully generated configuration for the compilers: *-g++ *-gcc ar g++ g++-* gcc gcc-* ld"
        ],
        "start-time": "2025-12-02T12:24:55.0509779-05:00",
        "end-time": "2025-12-02T12:24:55.5828936-05:00",
        "duration": 531915700
      },
      {
        "command-line": "C:\\Users\\AlBessey\\.blackduck\\bridge\\tools\\cov-thin-client\\2025.9.0\\bin\\cov-configure -c C:\\blackduck\\tests\\VB-net\\all-my-code\\product1\\.bridge\\polaris_coverity_capture\\2025.9.0\\idir\\coverity-cli\\build-compiler-configs\\coverity_config.xml --compiler cc --comptype gcc --template",
        "cwd": "C:\\blackduck\\tests\\VB-net\\all-my-code\\product1",
        "env": {
          "COVERITY_CACHE_API_TOKEN_FILE": "C:\\Users\\AlBessey\\AppData\\Local\\Temp\\polaris_coverity_cache905186056\\.authKey",
          "COVERITY_CACHE_KEY": "03f591f9-c714-4349-8557-1235a21ef1d6",
          "COVERITY_CACHE_URL": "https://poc.polaris.blackduck.com/api/cache",
          "COVERITY_CLI_CAPTURE_ZIP_ARCHIVE": "C:\\blackduck\\tests\\VB-net\\all-my-code\\product1\\.bridge\\polaris_coverity_capture\\idir.zip",
          "COVERITY_CLI_POLARIS_CLIENT": "true",
          "COVERITY_CLI_POLARIS_SIGMA": "C:\\Users\\AlBessey\\.blackduck\\bridge\\tools\\sigma\\2025.10.0\\sigma.exe",
          "COVERITY_NO_LOG_ENVIRONMENT_VARIABLES": "1"
        },
        "stdout-tail": [
          "",
          "Generated coverity_config.xml at location C:/blackduck/tests/VB-net/all-my-code/product1/.bridge/polaris_coverity_capture/2025.9.0/idir/coverity-cli/build-compiler-configs/coverity_config.xml",
          "Successfully generated configuration for the compilers: cc"
        ],
        "stderr-tail": [
          "[WARNING] Template config template-gcc-config-1 already exists for gcc-* and will be reused. ",
          "[WARNING] Template config template-gcc-config-2 already exists for *-gcc and will be reused. ",
          "[WARNING] Template config template-g++-config-1 already exists for g++-* and will be reused. ",
          "[WARNING] Template config template-g++-config-2 already exists for *-g++ and will be reused. ",
          "[WARNING] Template config template-ld-config-0 already exists for ld and will be reused. ",
          "[WARNING] Template config template-ar-config-0 already exists for ar and will be reused. "
        ],
        "start-time": "2025-12-02T12:24:55.5828936-05:00",
        "end-time": "2025-12-02T12:24:55.9502571-05:00",
        "duration": 367363500
      },
      {
        "command-line": "C:\\Users\\AlBessey\\.blackduck\\bridge\\tools\\cov-thin-client\\2025.9.0\\bin\\cov-configure -c C:\\blackduck\\tests\\VB-net\\all-my-code\\product1\\.bridge\\polaris_coverity_capture\\2025.9.0\\idir\\coverity-cli\\build-compiler-configs\\coverity_config.xml --compiler c++ --comptype g++ --template",
        "cwd": "C:\\blackduck\\tests\\VB-net\\all-my-code\\product1",
        "env": {
          "COVERITY_CACHE_API_TOKEN_FILE": "C:\\Users\\AlBessey\\AppData\\Local\\Temp\\polaris_coverity_cache905186056\\.authKey",
          "COVERITY_CACHE_KEY": "03f591f9-c714-4349-8557-1235a21ef1d6",
          "COVERITY_CACHE_URL": "https://poc.polaris.blackduck.com/api/cache",
          "COVERITY_CLI_CAPTURE_ZIP_ARCHIVE": "C:\\blackduck\\tests\\VB-net\\all-my-code\\product1\\.bridge\\polaris_coverity_capture\\idir.zip",
          "COVERITY_CLI_POLARIS_CLIENT": "true",
          "COVERITY_CLI_POLARIS_SIGMA": "C:\\Users\\AlBessey\\.blackduck\\bridge\\tools\\sigma\\2025.10.0\\sigma.exe",
          "COVERITY_NO_LOG_ENVIRONMENT_VARIABLES": "1"
        },
        "stdout-tail": [
          "",
          "Generated coverity_config.xml at location C:/blackduck/tests/VB-net/all-my-code/product1/.bridge/polaris_coverity_capture/2025.9.0/idir/coverity-cli/build-compiler-configs/coverity_config.xml",
          "Successfully generated configuration for the compilers: c++"
        ],
        "start-time": "2025-12-02T12:24:55.9519904-05:00",
        "end-time": "2025-12-02T12:24:56.3178443-05:00",
        "duration": 365853900
      },
      {
        "command-line": "C:\\Users\\AlBessey\\.blackduck\\bridge\\tools\\cov-thin-client\\2025.9.0\\bin\\cov-configure -c C:\\blackduck\\tests\\VB-net\\all-my-code\\product1\\.bridge\\polaris_coverity_capture\\2025.9.0\\idir\\coverity-cli\\build-compiler-configs\\coverity_config.xml --compiler clang --comptype clangcc --template",
        "cwd": "C:\\blackduck\\tests\\VB-net\\all-my-code\\product1",
        "env": {
          "COVERITY_CACHE_API_TOKEN_FILE": "C:\\Users\\AlBessey\\AppData\\Local\\Temp\\polaris_coverity_cache905186056\\.authKey",
          "COVERITY_CACHE_KEY": "03f591f9-c714-4349-8557-1235a21ef1d6",
          "COVERITY_CACHE_URL": "https://poc.polaris.blackduck.com/api/cache",
          "COVERITY_CLI_CAPTURE_ZIP_ARCHIVE": "C:\\blackduck\\tests\\VB-net\\all-my-code\\product1\\.bridge\\polaris_coverity_capture\\idir.zip",
          "COVERITY_CLI_POLARIS_CLIENT": "true",
          "COVERITY_CLI_POLARIS_SIGMA": "C:\\Users\\AlBessey\\.blackduck\\bridge\\tools\\sigma\\2025.10.0\\sigma.exe",
          "COVERITY_NO_LOG_ENVIRONMENT_VARIABLES": "1"
        },
        "stdout-tail": [
          "",
          "Generated coverity_config.xml at location C:/blackduck/tests/VB-net/all-my-code/product1/.bridge/polaris_coverity_capture/2025.9.0/idir/coverity-cli/build-compiler-configs/coverity_config.xml",
          "Successfully generated configuration for the compilers: clang clang++"
        ],
        "start-time": "2025-12-02T12:24:56.3194785-05:00",
        "end-time": "2025-12-02T12:24:56.6838657-05:00",
        "duration": 364387200
      },
      {
        "command-line": "C:\\Users\\AlBessey\\.blackduck\\bridge\\tools\\cov-thin-client\\2025.9.0\\bin\\cov-configure -c C:\\blackduck\\tests\\VB-net\\all-my-code\\product1\\.bridge\\polaris_coverity_capture\\2025.9.0\\idir\\coverity-cli\\build-compiler-configs\\coverity_config.xml --compiler java --comptype java --template",
        "cwd": "C:\\blackduck\\tests\\VB-net\\all-my-code\\product1",
        "env": {
          "COVERITY_CACHE_API_TOKEN_FILE": "C:\\Users\\AlBessey\\AppData\\Local\\Temp\\polaris_coverity_cache905186056\\.authKey",
          "COVERITY_CACHE_KEY": "03f591f9-c714-4349-8557-1235a21ef1d6",
          "COVERITY_CACHE_URL": "https://poc.polaris.blackduck.com/api/cache",
          "COVERITY_CLI_CAPTURE_ZIP_ARCHIVE": "C:\\blackduck\\tests\\VB-net\\all-my-code\\product1\\.bridge\\polaris_coverity_capture\\idir.zip",
          "COVERITY_CLI_POLARIS_CLIENT": "true",
          "COVERITY_CLI_POLARIS_SIGMA": "C:\\Users\\AlBessey\\.blackduck\\bridge\\tools\\sigma\\2025.10.0\\sigma.exe",
          "COVERITY_NO_LOG_ENVIRONMENT_VARIABLES": "1"
        },
        "stdout-tail": [
          "",
          "Generated coverity_config.xml at location C:/blackduck/tests/VB-net/all-my-code/product1/.bridge/polaris_coverity_capture/2025.9.0/idir/coverity-cli/build-compiler-configs/coverity_config.xml",
          "Successfully generated configuration for the compilers: apt java javac javaw",
          "Successfully generated configuration for the buildless capture patterns: jar"
        ],
        "start-time": "2025-12-02T12:24:56.685547-05:00",
        "end-time": "2025-12-02T12:24:57.048182-05:00",
        "duration": 362635000
      },
      {
        "command-line": "C:\\Users\\AlBessey\\.blackduck\\bridge\\tools\\cov-thin-client\\2025.9.0\\bin\\cov-configure -c C:\\blackduck\\tests\\VB-net\\all-my-code\\product1\\.bridge\\polaris_coverity_capture\\2025.9.0\\idir\\coverity-cli\\build-compiler-configs\\coverity_config.xml --compiler go --comptype go --template",
        "cwd": "C:\\blackduck\\tests\\VB-net\\all-my-code\\product1",
        "env": {
          "COVERITY_CACHE_API_TOKEN_FILE": "C:\\Users\\AlBessey\\AppData\\Local\\Temp\\polaris_coverity_cache905186056\\.authKey",
          "COVERITY_CACHE_KEY": "03f591f9-c714-4349-8557-1235a21ef1d6",
          "COVERITY_CACHE_URL": "https://poc.polaris.blackduck.com/api/cache",
          "COVERITY_CLI_CAPTURE_ZIP_ARCHIVE": "C:\\blackduck\\tests\\VB-net\\all-my-code\\product1\\.bridge\\polaris_coverity_capture\\idir.zip",
          "COVERITY_CLI_POLARIS_CLIENT": "true",
          "COVERITY_CLI_POLARIS_SIGMA": "C:\\Users\\AlBessey\\.blackduck\\bridge\\tools\\sigma\\2025.10.0\\sigma.exe",
          "COVERITY_NO_LOG_ENVIRONMENT_VARIABLES": "1"
        },
        "stdout-tail": [
          "",
          "Generated coverity_config.xml at location C:/blackduck/tests/VB-net/all-my-code/product1/.bridge/polaris_coverity_capture/2025.9.0/idir/coverity-cli/build-compiler-configs/coverity_config.xml",
          "Successfully generated configuration for the compilers: go"
        ],
        "start-time": "2025-12-02T12:24:57.0499389-05:00",
        "end-time": "2025-12-02T12:24:57.4237906-05:00",
        "duration": 373851700
      },
      {
        "command-line": "C:\\Users\\AlBessey\\.blackduck\\bridge\\tools\\cov-thin-client\\2025.9.0\\bin\\cov-configure -c C:\\blackduck\\tests\\VB-net\\all-my-code\\product1\\.bridge\\polaris_coverity_capture\\2025.9.0\\idir\\coverity-cli\\build-compiler-configs\\coverity_config.xml --compiler ccache --comptype prefix --template",
        "cwd": "C:\\blackduck\\tests\\VB-net\\all-my-code\\product1",
        "env": {
          "COVERITY_CACHE_API_TOKEN_FILE": "C:\\Users\\AlBessey\\AppData\\Local\\Temp\\polaris_coverity_cache905186056\\.authKey",
          "COVERITY_CACHE_KEY": "03f591f9-c714-4349-8557-1235a21ef1d6",
          "COVERITY_CACHE_URL": "https://poc.polaris.blackduck.com/api/cache",
          "COVERITY_CLI_CAPTURE_ZIP_ARCHIVE": "C:\\blackduck\\tests\\VB-net\\all-my-code\\product1\\.bridge\\polaris_coverity_capture\\idir.zip",
          "COVERITY_CLI_POLARIS_CLIENT": "true",
          "COVERITY_CLI_POLARIS_SIGMA": "C:\\Users\\AlBessey\\.blackduck\\bridge\\tools\\sigma\\2025.10.0\\sigma.exe",
          "COVERITY_NO_LOG_ENVIRONMENT_VARIABLES": "1"
        },
        "stdout-tail": [
          "",
          "Generated coverity_config.xml at location C:/blackduck/tests/VB-net/all-my-code/product1/.bridge/polaris_coverity_capture/2025.9.0/idir/coverity-cli/build-compiler-configs/coverity_config.xml",
          "Successfully generated configuration for the compilers: ccache"
        ],
        "start-time": "2025-12-02T12:24:57.4237906-05:00",
        "end-time": "2025-12-02T12:24:57.8032962-05:00",
        "duration": 379505600
      },
      {
        "command-line": "C:\\Users\\AlBessey\\.blackduck\\bridge\\tools\\cov-thin-client\\2025.9.0\\bin\\cov-configure -c C:\\blackduck\\tests\\VB-net\\all-my-code\\product1\\.bridge\\polaris_coverity_capture\\2025.9.0\\idir\\coverity-cli\\build-compiler-configs\\coverity_config.xml --compiler kotlinc --comptype kotlinc --template",
        "cwd": "C:\\blackduck\\tests\\VB-net\\all-my-code\\product1",
        "env": {
          "COVERITY_CACHE_API_TOKEN_FILE": "C:\\Users\\AlBessey\\AppData\\Local\\Temp\\polaris_coverity_cache905186056\\.authKey",
          "COVERITY_CACHE_KEY": "03f591f9-c714-4349-8557-1235a21ef1d6",
          "COVERITY_CACHE_URL": "https://poc.polaris.blackduck.com/api/cache",
          "COVERITY_CLI_CAPTURE_ZIP_ARCHIVE": "C:\\blackduck\\tests\\VB-net\\all-my-code\\product1\\.bridge\\polaris_coverity_capture\\idir.zip",
          "COVERITY_CLI_POLARIS_CLIENT": "true",
          "COVERITY_CLI_POLARIS_SIGMA": "C:\\Users\\AlBessey\\.blackduck\\bridge\\tools\\sigma\\2025.10.0\\sigma.exe",
          "COVERITY_NO_LOG_ENVIRONMENT_VARIABLES": "1"
        },
        "stdout-tail": [
          "",
          "Generated coverity_config.xml at location C:/blackduck/tests/VB-net/all-my-code/product1/.bridge/polaris_coverity_capture/2025.9.0/idir/coverity-cli/build-compiler-configs/coverity_config.xml",
          "Successfully generated configuration for the compilers: kotlin kotlinc",
          "Successfully generated configuration for the buildless capture patterns: android kotlin-module"
        ],
        "stderr-tail": [
          "[WARNING] Template config template-java-config-0 already exists for java and will be reused. ",
          "[WARNING] Template config template-apt-config-0 already exists for apt and will be reused. ",
          "[WARNING] Template config template-javaw-config-0 already exists for javaw and will be reused. "
        ],
        "start-time": "2025-12-02T12:24:57.8052876-05:00",
        "end-time": "2025-12-02T12:24:58.1814663-05:00",
        "duration": 376178700
      },
      {
        "command-line": "C:\\Users\\AlBessey\\.blackduck\\bridge\\tools\\cov-thin-client\\2025.9.0\\bin\\cov-configure -c C:\\blackduck\\tests\\VB-net\\all-my-code\\product1\\.bridge\\polaris_coverity_capture\\2025.9.0\\idir\\coverity-cli\\build-compiler-configs\\coverity_config.xml --compiler csc --comptype csc --template",
        "cwd": "C:\\blackduck\\tests\\VB-net\\all-my-code\\product1",
        "env": {
          "COVERITY_CACHE_API_TOKEN_FILE": "C:\\Users\\AlBessey\\AppData\\Local\\Temp\\polaris_coverity_cache905186056\\.authKey",
          "COVERITY_CACHE_KEY": "03f591f9-c714-4349-8557-1235a21ef1d6",
          "COVERITY_CACHE_URL": "https://poc.polaris.blackduck.com/api/cache",
          "COVERITY_CLI_CAPTURE_ZIP_ARCHIVE": "C:\\blackduck\\tests\\VB-net\\all-my-code\\product1\\.bridge\\polaris_coverity_capture\\idir.zip",
          "COVERITY_CLI_POLARIS_CLIENT": "true",
          "COVERITY_CLI_POLARIS_SIGMA": "C:\\Users\\AlBessey\\.blackduck\\bridge\\tools\\sigma\\2025.10.0\\sigma.exe",
          "COVERITY_NO_LOG_ENVIRONMENT_VARIABLES": "1"
        },
        "stdout-tail": [
          "",
          "Generated coverity_config.xml at location C:/blackduck/tests/VB-net/all-my-code/product1/.bridge/polaris_coverity_capture/2025.9.0/idir/coverity-cli/build-compiler-configs/coverity_config.xml",
          "Successfully generated configuration for the compilers: csc csc.dll csc2 devenv dotnet microsoft.aspnetcore.mvc.razor.viewcompilation microsoft.aspnetcore.mvc.razor.viewcompilation-x64 microsoft.aspnetcore.mvc.razor.viewcompilation-x64.dll microsoft.aspnetcore.mvc.razor.viewcompilation-x86 microsoft.aspnetcore.mvc.razor.viewcompilation-x86.dll microsoft.aspnetcore.mvc.razor.viewcompilation.dll msbuild razor"
        ],
        "start-time": "2025-12-02T12:24:58.1814663-05:00",
        "end-time": "2025-12-02T12:24:58.5969569-05:00",
        "duration": 415490600
      },
      {
        "command-line": "C:\\Users\\AlBessey\\.blackduck\\bridge\\tools\\cov-thin-client\\2025.9.0\\bin\\cov-configure -c C:\\blackduck\\tests\\VB-net\\all-my-code\\product1\\.bridge\\polaris_coverity_capture\\2025.9.0\\idir\\coverity-cli\\build-compiler-configs\\coverity_config.xml --compiler vbc --comptype vbc --template",
        "cwd": "C:\\blackduck\\tests\\VB-net\\all-my-code\\product1",
        "env": {
          "COVERITY_CACHE_API_TOKEN_FILE": "C:\\Users\\AlBessey\\AppData\\Local\\Temp\\polaris_coverity_cache905186056\\.authKey",
          "COVERITY_CACHE_KEY": "03f591f9-c714-4349-8557-1235a21ef1d6",
          "COVERITY_CACHE_URL": "https://poc.polaris.blackduck.com/api/cache",
          "COVERITY_CLI_CAPTURE_ZIP_ARCHIVE": "C:\\blackduck\\tests\\VB-net\\all-my-code\\product1\\.bridge\\polaris_coverity_capture\\idir.zip",
          "COVERITY_CLI_POLARIS_CLIENT": "true",
          "COVERITY_CLI_POLARIS_SIGMA": "C:\\Users\\AlBessey\\.blackduck\\bridge\\tools\\sigma\\2025.10.0\\sigma.exe",
          "COVERITY_NO_LOG_ENVIRONMENT_VARIABLES": "1"
        },
        "stdout-tail": [
          "",
          "Generated coverity_config.xml at location C:/blackduck/tests/VB-net/all-my-code/product1/.bridge/polaris_coverity_capture/2025.9.0/idir/coverity-cli/build-compiler-configs/coverity_config.xml",
          "Successfully generated configuration for the compilers: vbc vbc.dll"
        ],
        "stderr-tail": [
          "[WARNING] Template config template-dotnet-config-0 already exists for dotnet and will be reused. "
        ],
        "start-time": "2025-12-02T12:24:58.5969569-05:00",
        "end-time": "2025-12-02T12:24:58.9706214-05:00",
        "duration": 373664500
      },
      {
        "command-line": "C:\\Users\\AlBessey\\.blackduck\\bridge\\tools\\cov-thin-client\\2025.9.0\\bin\\cov-configure -c C:\\blackduck\\tests\\VB-net\\all-my-code\\product1\\.bridge\\polaris_coverity_capture\\2025.9.0\\idir\\coverity-cli\\build-compiler-configs\\coverity_config.xml --compiler cl --comptype msvc --template",
        "cwd": "C:\\blackduck\\tests\\VB-net\\all-my-code\\product1",
        "env": {
          "COVERITY_CACHE_API_TOKEN_FILE": "C:\\Users\\AlBessey\\AppData\\Local\\Temp\\polaris_coverity_cache905186056\\.authKey",
          "COVERITY_CACHE_KEY": "03f591f9-c714-4349-8557-1235a21ef1d6",
          "COVERITY_CACHE_URL": "https://poc.polaris.blackduck.com/api/cache",
          "COVERITY_CLI_CAPTURE_ZIP_ARCHIVE": "C:\\blackduck\\tests\\VB-net\\all-my-code\\product1\\.bridge\\polaris_coverity_capture\\idir.zip",
          "COVERITY_CLI_POLARIS_CLIENT": "true",
          "COVERITY_CLI_POLARIS_SIGMA": "C:\\Users\\AlBessey\\.blackduck\\bridge\\tools\\sigma\\2025.10.0\\sigma.exe",
          "COVERITY_NO_LOG_ENVIRONMENT_VARIABLES": "1"
        },
        "stdout-tail": [
          "",
          "Generated coverity_config.xml at location C:/blackduck/tests/VB-net/all-my-code/product1/.bridge/polaris_coverity_capture/2025.9.0/idir/coverity-cli/build-compiler-configs/coverity_config.xml",
          "Successfully generated configuration for the compilers: cl lib link"
        ],
        "start-time": "2025-12-02T12:24:58.9706214-05:00",
        "end-time": "2025-12-02T12:24:59.3663725-05:00",
        "duration": 395751100
      },
      {
        "command-line": "C:\\Users\\AlBessey\\.blackduck\\bridge\\tools\\cov-thin-client\\2025.9.0\\bin\\cov-configure -c C:\\blackduck\\tests\\VB-net\\all-my-code\\product1\\.bridge\\polaris_coverity_capture\\2025.9.0\\idir\\coverity-cli\\build-compiler-configs\\coverity_config.xml --compiler i686-w64-mingw32-gcc --comptype gcc --template",
        "cwd": "C:\\blackduck\\tests\\VB-net\\all-my-code\\product1",
        "env": {
          "COVERITY_CACHE_API_TOKEN_FILE": "C:\\Users\\AlBessey\\AppData\\Local\\Temp\\polaris_coverity_cache905186056\\.authKey",
          "COVERITY_CACHE_KEY": "03f591f9-c714-4349-8557-1235a21ef1d6",
          "COVERITY_CACHE_URL": "https://poc.polaris.blackduck.com/api/cache",
          "COVERITY_CLI_CAPTURE_ZIP_ARCHIVE": "C:\\blackduck\\tests\\VB-net\\all-my-code\\product1\\.bridge\\polaris_coverity_capture\\idir.zip",
          "COVERITY_CLI_POLARIS_CLIENT": "true",
          "COVERITY_CLI_POLARIS_SIGMA": "C:\\Users\\AlBessey\\.blackduck\\bridge\\tools\\sigma\\2025.10.0\\sigma.exe",
          "COVERITY_NO_LOG_ENVIRONMENT_VARIABLES": "1"
        },
        "stdout-tail": [
          "",
          "Generated coverity_config.xml at location C:/blackduck/tests/VB-net/all-my-code/product1/.bridge/polaris_coverity_capture/2025.9.0/idir/coverity-cli/build-compiler-configs/coverity_config.xml",
          "Successfully generated configuration for the compilers: i686-w64-mingw32-g++ i686-w64-mingw32-gcc"
        ],
        "stderr-tail": [
          "[WARNING] Template config template-gcc-config-1 already exists for gcc-* and will be reused. ",
          "[WARNING] Template config template-gcc-config-2 already exists for *-gcc and will be reused. ",
          "[WARNING] Template config template-g++-config-1 already exists for g++-* and will be reused. ",
          "[WARNING] Template config template-g++-config-2 already exists for *-g++ and will be reused. ",
          "[WARNING] Template config template-ld-config-0 already exists for ld and will be reused. ",
          "[WARNING] Template config template-ar-config-0 already exists for ar and will be reused. "
        ],
        "start-time": "2025-12-02T12:24:59.3663725-05:00",
        "end-time": "2025-12-02T12:24:59.7631814-05:00",
        "duration": 396808900
      },
      {
        "command-line": "C:\\Users\\AlBessey\\.blackduck\\bridge\\tools\\cov-thin-client\\2025.9.0\\bin\\cov-configure -c C:\\blackduck\\tests\\VB-net\\all-my-code\\product1\\.bridge\\polaris_coverity_capture\\2025.9.0\\idir\\coverity-cli\\build-compiler-configs\\coverity_config.xml --compiler i686-w64-mingw32-c++ --comptype g++ --template",
        "cwd": "C:\\blackduck\\tests\\VB-net\\all-my-code\\product1",
        "env": {
          "COVERITY_CACHE_API_TOKEN_FILE": "C:\\Users\\AlBessey\\AppData\\Local\\Temp\\polaris_coverity_cache905186056\\.authKey",
          "COVERITY_CACHE_KEY": "03f591f9-c714-4349-8557-1235a21ef1d6",
          "COVERITY_CACHE_URL": "https://poc.polaris.blackduck.com/api/cache",
          "COVERITY_CLI_CAPTURE_ZIP_ARCHIVE": "C:\\blackduck\\tests\\VB-net\\all-my-code\\product1\\.bridge\\polaris_coverity_capture\\idir.zip",
          "COVERITY_CLI_POLARIS_CLIENT": "true",
          "COVERITY_CLI_POLARIS_SIGMA": "C:\\Users\\AlBessey\\.blackduck\\bridge\\tools\\sigma\\2025.10.0\\sigma.exe",
          "COVERITY_NO_LOG_ENVIRONMENT_VARIABLES": "1"
        },
        "stdout-tail": [
          "",
          "Generated coverity_config.xml at location C:/blackduck/tests/VB-net/all-my-code/product1/.bridge/polaris_coverity_capture/2025.9.0/idir/coverity-cli/build-compiler-configs/coverity_config.xml",
          "Successfully generated configuration for the compilers: i686-w64-mingw32-c++"
        ],
        "start-time": "2025-12-02T12:24:59.7646324-05:00",
        "end-time": "2025-12-02T12:25:00.1739694-05:00",
        "duration": 409337000
      },
      {
        "command-line": "C:\\Users\\AlBessey\\.blackduck\\bridge\\tools\\cov-thin-client\\2025.9.0\\bin\\cov-configure -c C:\\blackduck\\tests\\VB-net\\all-my-code\\product1\\.bridge\\polaris_coverity_capture\\2025.9.0\\idir\\coverity-cli\\build-compiler-configs\\coverity_config.xml --compiler mingw32-gcc --comptype gcc --template",
        "cwd": "C:\\blackduck\\tests\\VB-net\\all-my-code\\product1",
        "env": {
          "COVERITY_CACHE_API_TOKEN_FILE": "C:\\Users\\AlBessey\\AppData\\Local\\Temp\\polaris_coverity_cache905186056\\.authKey",
          "COVERITY_CACHE_KEY": "03f591f9-c714-4349-8557-1235a21ef1d6",
          "COVERITY_CACHE_URL": "https://poc.polaris.blackduck.com/api/cache",
          "COVERITY_CLI_CAPTURE_ZIP_ARCHIVE": "C:\\blackduck\\tests\\VB-net\\all-my-code\\product1\\.bridge\\polaris_coverity_capture\\idir.zip",
          "COVERITY_CLI_POLARIS_CLIENT": "true",
          "COVERITY_CLI_POLARIS_SIGMA": "C:\\Users\\AlBessey\\.blackduck\\bridge\\tools\\sigma\\2025.10.0\\sigma.exe",
          "COVERITY_NO_LOG_ENVIRONMENT_VARIABLES": "1"
        },
        "stdout-tail": [
          "",
          "Generated coverity_config.xml at location C:/blackduck/tests/VB-net/all-my-code/product1/.bridge/polaris_coverity_capture/2025.9.0/idir/coverity-cli/build-compiler-configs/coverity_config.xml",
          "Successfully generated configuration for the compilers: mingw32-g++ mingw32-gcc"
        ],
        "stderr-tail": [
          "[WARNING] Template config template-gcc-config-1 already exists for gcc-* and will be reused. ",
          "[WARNING] Template config template-gcc-config-2 already exists for *-gcc and will be reused. ",
          "[WARNING] Template config template-g++-config-1 already exists for g++-* and will be reused. ",
          "[WARNING] Template config template-g++-config-2 already exists for *-g++ and will be reused. ",
          "[WARNING] Template config template-ld-config-0 already exists for ld and will be reused. ",
          "[WARNING] Template config template-ar-config-0 already exists for ar and will be reused. "
        ],
        "start-time": "2025-12-02T12:25:00.1739694-05:00",
        "end-time": "2025-12-02T12:25:00.5534705-05:00",
        "duration": 379501100
      },
      {
        "command-line": "C:\\Users\\AlBessey\\.blackduck\\bridge\\tools\\cov-thin-client\\2025.9.0\\bin\\cov-configure -c C:\\blackduck\\tests\\VB-net\\all-my-code\\product1\\.bridge\\polaris_coverity_capture\\2025.9.0\\idir\\coverity-cli\\build-compiler-configs\\coverity_config.xml --compiler mingw32-c++ --comptype g++ --template",
        "cwd": "C:\\blackduck\\tests\\VB-net\\all-my-code\\product1",
        "env": {
          "COVERITY_CACHE_API_TOKEN_FILE": "C:\\Users\\AlBessey\\AppData\\Local\\Temp\\polaris_coverity_cache905186056\\.authKey",
          "COVERITY_CACHE_KEY": "03f591f9-c714-4349-8557-1235a21ef1d6",
          "COVERITY_CACHE_URL": "https://poc.polaris.blackduck.com/api/cache",
          "COVERITY_CLI_CAPTURE_ZIP_ARCHIVE": "C:\\blackduck\\tests\\VB-net\\all-my-code\\product1\\.bridge\\polaris_coverity_capture\\idir.zip",
          "COVERITY_CLI_POLARIS_CLIENT": "true",
          "COVERITY_CLI_POLARIS_SIGMA": "C:\\Users\\AlBessey\\.blackduck\\bridge\\tools\\sigma\\2025.10.0\\sigma.exe",
          "COVERITY_NO_LOG_ENVIRONMENT_VARIABLES": "1"
        },
        "stdout-tail": [
          "",
          "Generated coverity_config.xml at location C:/blackduck/tests/VB-net/all-my-code/product1/.bridge/polaris_coverity_capture/2025.9.0/idir/coverity-cli/build-compiler-configs/coverity_config.xml",
          "Successfully generated configuration for the compilers: mingw32-c++"
        ],
        "start-time": "2025-12-02T12:25:00.5549096-05:00",
        "end-time": "2025-12-02T12:25:00.9213896-05:00",
        "duration": 366480000
      },
      {
        "command-line": "C:\\Users\\AlBessey\\.blackduck\\bridge\\tools\\cov-thin-client\\2025.9.0\\bin\\cov-configure -c C:\\blackduck\\tests\\VB-net\\all-my-code\\product1\\.bridge\\polaris_coverity_capture\\2025.9.0\\idir\\coverity-cli\\build-compiler-configs\\coverity_config.xml --compiler x86_64-w64-mingw32-gcc --comptype gcc --template",
        "cwd": "C:\\blackduck\\tests\\VB-net\\all-my-code\\product1",
        "env": {
          "COVERITY_CACHE_API_TOKEN_FILE": "C:\\Users\\AlBessey\\AppData\\Local\\Temp\\polaris_coverity_cache905186056\\.authKey",
          "COVERITY_CACHE_KEY": "03f591f9-c714-4349-8557-1235a21ef1d6",
          "COVERITY_CACHE_URL": "https://poc.polaris.blackduck.com/api/cache",
          "COVERITY_CLI_CAPTURE_ZIP_ARCHIVE": "C:\\blackduck\\tests\\VB-net\\all-my-code\\product1\\.bridge\\polaris_coverity_capture\\idir.zip",
          "COVERITY_CLI_POLARIS_CLIENT": "true",
          "COVERITY_CLI_POLARIS_SIGMA": "C:\\Users\\AlBessey\\.blackduck\\bridge\\tools\\sigma\\2025.10.0\\sigma.exe",
          "COVERITY_NO_LOG_ENVIRONMENT_VARIABLES": "1"
        },
        "stdout-tail": [
          "",
          "Generated coverity_config.xml at location C:/blackduck/tests/VB-net/all-my-code/product1/.bridge/polaris_coverity_capture/2025.9.0/idir/coverity-cli/build-compiler-configs/coverity_config.xml",
          "Successfully generated configuration for the compilers: x86_64-w64-mingw32-g++ x86_64-w64-mingw32-gcc"
        ],
        "stderr-tail": [
          "[WARNING] Template config template-gcc-config-1 already exists for gcc-* and will be reused. ",
          "[WARNING] Template config template-gcc-config-2 already exists for *-gcc and will be reused. ",
          "[WARNING] Template config template-g++-config-1 already exists for g++-* and will be reused. ",
          "[WARNING] Template config template-g++-config-2 already exists for *-g++ and will be reused. ",
          "[WARNING] Template config template-ld-config-0 already exists for ld and will be reused. ",
          "[WARNING] Template config template-ar-config-0 already exists for ar and will be reused. "
        ],
        "start-time": "2025-12-02T12:25:00.9230274-05:00",
        "end-time": "2025-12-02T12:25:01.3039072-05:00",
        "duration": 380879800
      },
      {
        "command-line": "C:\\Users\\AlBessey\\.blackduck\\bridge\\tools\\cov-thin-client\\2025.9.0\\bin\\cov-configure -c C:\\blackduck\\tests\\VB-net\\all-my-code\\product1\\.bridge\\polaris_coverity_capture\\2025.9.0\\idir\\coverity-cli\\build-compiler-configs\\coverity_config.xml --compiler x86_64-w64-mingw32-c++ --comptype g++ --template",
        "cwd": "C:\\blackduck\\tests\\VB-net\\all-my-code\\product1",
        "env": {
          "COVERITY_CACHE_API_TOKEN_FILE": "C:\\Users\\AlBessey\\AppData\\Local\\Temp\\polaris_coverity_cache905186056\\.authKey",
          "COVERITY_CACHE_KEY": "03f591f9-c714-4349-8557-1235a21ef1d6",
          "COVERITY_CACHE_URL": "https://poc.polaris.blackduck.com/api/cache",
          "COVERITY_CLI_CAPTURE_ZIP_ARCHIVE": "C:\\blackduck\\tests\\VB-net\\all-my-code\\product1\\.bridge\\polaris_coverity_capture\\idir.zip",
          "COVERITY_CLI_POLARIS_CLIENT": "true",
          "COVERITY_CLI_POLARIS_SIGMA": "C:\\Users\\AlBessey\\.blackduck\\bridge\\tools\\sigma\\2025.10.0\\sigma.exe",
          "COVERITY_NO_LOG_ENVIRONMENT_VARIABLES": "1"
        },
        "stdout-tail": [
          "",
          "Generated coverity_config.xml at location C:/blackduck/tests/VB-net/all-my-code/product1/.bridge/polaris_coverity_capture/2025.9.0/idir/coverity-cli/build-compiler-configs/coverity_config.xml",
          "Successfully generated configuration for the compilers: x86_64-w64-mingw32-c++"
        ],
        "start-time": "2025-12-02T12:25:01.3044344-05:00",
        "end-time": "2025-12-02T12:25:01.6961556-05:00",
        "duration": 391721200
      },
      {
        "command-line": "C:\\Users\\AlBessey\\.blackduck\\bridge\\tools\\cov-thin-client\\2025.9.0\\bin\\cov-configure -c C:\\blackduck\\tests\\VB-net\\all-my-code\\product1\\.bridge\\polaris_coverity_capture\\2025.9.0\\idir\\coverity-cli\\buildless-compiler-configs\\coverity_config.xml --dart",
        "cwd": "C:\\blackduck\\tests\\VB-net\\all-my-code\\product1",
        "env": {
          "COVERITY_CACHE_API_TOKEN_FILE": "C:\\Users\\AlBessey\\AppData\\Local\\Temp\\polaris_coverity_cache905186056\\.authKey",
          "COVERITY_CACHE_KEY": "03f591f9-c714-4349-8557-1235a21ef1d6",
          "COVERITY_CACHE_URL": "https://poc.polaris.blackduck.com/api/cache",
          "COVERITY_CLI_CAPTURE_ZIP_ARCHIVE": "C:\\blackduck\\tests\\VB-net\\all-my-code\\product1\\.bridge\\polaris_coverity_capture\\idir.zip",
          "COVERITY_CLI_POLARIS_CLIENT": "true",
          "COVERITY_CLI_POLARIS_SIGMA": "C:\\Users\\AlBessey\\.blackduck\\bridge\\tools\\sigma\\2025.10.0\\sigma.exe",
          "COVERITY_NO_LOG_ENVIRONMENT_VARIABLES": "1"
        },
        "stdout-tail": [
          "",
          "Generated coverity_config.xml at location C:/blackduck/tests/VB-net/all-my-code/product1/.bridge/polaris_coverity_capture/2025.9.0/idir/coverity-cli/buildless-compiler-configs/coverity_config.xml",
          "Successfully generated configuration for the buildless capture patterns: capture-config-files dart"
        ],
        "start-time": "2025-12-02T12:25:01.6961556-05:00",
        "end-time": "2025-12-02T12:25:02.0593144-05:00",
        "duration": 363158800
      },
      {
        "command-line": "C:\\Users\\AlBessey\\.blackduck\\bridge\\tools\\cov-thin-client\\2025.9.0\\bin\\cov-configure -c C:\\blackduck\\tests\\VB-net\\all-my-code\\product1\\.bridge\\polaris_coverity_capture\\2025.9.0\\idir\\coverity-cli\\buildless-compiler-configs\\coverity_config.xml --javascript",
        "cwd": "C:\\blackduck\\tests\\VB-net\\all-my-code\\product1",
        "env": {
          "COVERITY_CACHE_API_TOKEN_FILE": "C:\\Users\\AlBessey\\AppData\\Local\\Temp\\polaris_coverity_cache905186056\\.authKey",
          "COVERITY_CACHE_KEY": "03f591f9-c714-4349-8557-1235a21ef1d6",
          "COVERITY_CACHE_URL": "https://poc.polaris.blackduck.com/api/cache",
          "COVERITY_CLI_CAPTURE_ZIP_ARCHIVE": "C:\\blackduck\\tests\\VB-net\\all-my-code\\product1\\.bridge\\polaris_coverity_capture\\idir.zip",
          "COVERITY_CLI_POLARIS_CLIENT": "true",
          "COVERITY_CLI_POLARIS_SIGMA": "C:\\Users\\AlBessey\\.blackduck\\bridge\\tools\\sigma\\2025.10.0\\sigma.exe",
          "COVERITY_NO_LOG_ENVIRONMENT_VARIABLES": "1"
        },
        "stdout-tail": [
          "[NOTE] This Coverity installation only supports record with source for \"javascript\". Attempts to capture source files for this language without specifying --record-with-source to cov-build will be ignored.",
          "",
          "Generated coverity_config.xml at location C:/blackduck/tests/VB-net/all-my-code/product1/.bridge/polaris_coverity_capture/2025.9.0/idir/coverity-cli/buildless-compiler-configs/coverity_config.xml",
          "Successfully generated configuration for the buildless capture patterns: capture-config-files html javascript jsx typescript vue"
        ],
        "start-time": "2025-12-02T12:25:02.0619523-05:00",
        "end-time": "2025-12-02T12:25:02.4678541-05:00",
        "duration": 405901800
      },
      {
        "command-line": "C:\\Users\\AlBessey\\.blackduck\\bridge\\tools\\cov-thin-client\\2025.9.0\\bin\\cov-configure -c C:\\blackduck\\tests\\VB-net\\all-my-code\\product1\\.bridge\\polaris_coverity_capture\\2025.9.0\\idir\\coverity-cli\\buildless-compiler-configs\\coverity_config.xml --php",
        "cwd": "C:\\blackduck\\tests\\VB-net\\all-my-code\\product1",
        "env": {
          "COVERITY_CACHE_API_TOKEN_FILE": "C:\\Users\\AlBessey\\AppData\\Local\\Temp\\polaris_coverity_cache905186056\\.authKey",
          "COVERITY_CACHE_KEY": "03f591f9-c714-4349-8557-1235a21ef1d6",
          "COVERITY_CACHE_URL": "https://poc.polaris.blackduck.com/api/cache",
          "COVERITY_CLI_CAPTURE_ZIP_ARCHIVE": "C:\\blackduck\\tests\\VB-net\\all-my-code\\product1\\.bridge\\polaris_coverity_capture\\idir.zip",
          "COVERITY_CLI_POLARIS_CLIENT": "true",
          "COVERITY_CLI_POLARIS_SIGMA": "C:\\Users\\AlBessey\\.blackduck\\bridge\\tools\\sigma\\2025.10.0\\sigma.exe",
          "COVERITY_NO_LOG_ENVIRONMENT_VARIABLES": "1"
        },
        "stdout-tail": [
          "",
          "Generated coverity_config.xml at location C:/blackduck/tests/VB-net/all-my-code/product1/.bridge/polaris_coverity_capture/2025.9.0/idir/coverity-cli/buildless-compiler-configs/coverity_config.xml",
          "Successfully generated configuration for the buildless capture patterns: capture-config-files php"
        ],
        "start-time": "2025-12-02T12:25:02.4678541-05:00",
        "end-time": "2025-12-02T12:25:02.8640356-05:00",
        "duration": 396181500
      },
      {
        "command-line": "C:\\Users\\AlBessey\\.blackduck\\bridge\\tools\\cov-thin-client\\2025.9.0\\bin\\cov-configure -c C:\\blackduck\\tests\\VB-net\\all-my-code\\product1\\.bridge\\polaris_coverity_capture\\2025.9.0\\idir\\coverity-cli\\buildless-compiler-configs\\coverity_config.xml --python",
        "cwd": "C:\\blackduck\\tests\\VB-net\\all-my-code\\product1",
        "env": {
          "COVERITY_CACHE_API_TOKEN_FILE": "C:\\Users\\AlBessey\\AppData\\Local\\Temp\\polaris_coverity_cache905186056\\.authKey",
          "COVERITY_CACHE_KEY": "03f591f9-c714-4349-8557-1235a21ef1d6",
          "COVERITY_CACHE_URL": "https://poc.polaris.blackduck.com/api/cache",
          "COVERITY_CLI_CAPTURE_ZIP_ARCHIVE": "C:\\blackduck\\tests\\VB-net\\all-my-code\\product1\\.bridge\\polaris_coverity_capture\\idir.zip",
          "COVERITY_CLI_POLARIS_CLIENT": "true",
          "COVERITY_CLI_POLARIS_SIGMA": "C:\\Users\\AlBessey\\.blackduck\\bridge\\tools\\sigma\\2025.10.0\\sigma.exe",
          "COVERITY_NO_LOG_ENVIRONMENT_VARIABLES": "1"
        },
        "stdout-tail": [
          "",
          "Generated coverity_config.xml at location C:/blackduck/tests/VB-net/all-my-code/product1/.bridge/polaris_coverity_capture/2025.9.0/idir/coverity-cli/buildless-compiler-configs/coverity_config.xml",
          "Successfully generated configuration for the buildless capture patterns: capture-config-files python"
        ],
        "start-time": "2025-12-02T12:25:02.8640356-05:00",
        "end-time": "2025-12-02T12:25:03.2545759-05:00",
        "duration": 390540300
      },
      {
        "command-line": "C:\\Users\\AlBessey\\.blackduck\\bridge\\tools\\cov-thin-client\\2025.9.0\\bin\\cov-configure -c C:\\blackduck\\tests\\VB-net\\all-my-code\\product1\\.bridge\\polaris_coverity_capture\\2025.9.0\\idir\\coverity-cli\\buildless-compiler-configs\\coverity_config.xml --ruby",
        "cwd": "C:\\blackduck\\tests\\VB-net\\all-my-code\\product1",
        "env": {
          "COVERITY_CACHE_API_TOKEN_FILE": "C:\\Users\\AlBessey\\AppData\\Local\\Temp\\polaris_coverity_cache905186056\\.authKey",
          "COVERITY_CACHE_KEY": "03f591f9-c714-4349-8557-1235a21ef1d6",
          "COVERITY_CACHE_URL": "https://poc.polaris.blackduck.com/api/cache",
          "COVERITY_CLI_CAPTURE_ZIP_ARCHIVE": "C:\\blackduck\\tests\\VB-net\\all-my-code\\product1\\.bridge\\polaris_coverity_capture\\idir.zip",
          "COVERITY_CLI_POLARIS_CLIENT": "true",
          "COVERITY_CLI_POLARIS_SIGMA": "C:\\Users\\AlBessey\\.blackduck\\bridge\\tools\\sigma\\2025.10.0\\sigma.exe",
          "COVERITY_NO_LOG_ENVIRONMENT_VARIABLES": "1"
        },
        "stdout-tail": [
          "",
          "Generated coverity_config.xml at location C:/blackduck/tests/VB-net/all-my-code/product1/.bridge/polaris_coverity_capture/2025.9.0/idir/coverity-cli/buildless-compiler-configs/coverity_config.xml",
          "Successfully generated configuration for the buildless capture patterns: capture-config-files ruby"
        ],
        "start-time": "2025-12-02T12:25:03.2562075-05:00",
        "end-time": "2025-12-02T12:25:03.6380767-05:00",
        "duration": 381869200
      },
      {
        "command-line": "C:\\Users\\AlBessey\\.blackduck\\bridge\\tools\\cov-thin-client\\2025.9.0\\bin\\cov-configure -c C:\\blackduck\\tests\\VB-net\\all-my-code\\product1\\.bridge\\polaris_coverity_capture\\2025.9.0\\idir\\coverity-cli\\buildless-compiler-configs\\coverity_config.xml --comptype capture-config-files --file-regex $capture-config-files$ --template",
        "cwd": "C:\\blackduck\\tests\\VB-net\\all-my-code\\product1",
        "env": {
          "COVERITY_CACHE_API_TOKEN_FILE": "C:\\Users\\AlBessey\\AppData\\Local\\Temp\\polaris_coverity_cache905186056\\.authKey",
          "COVERITY_CACHE_KEY": "03f591f9-c714-4349-8557-1235a21ef1d6",
          "COVERITY_CACHE_URL": "https://poc.polaris.blackduck.com/api/cache",
          "COVERITY_CLI_CAPTURE_ZIP_ARCHIVE": "C:\\blackduck\\tests\\VB-net\\all-my-code\\product1\\.bridge\\polaris_coverity_capture\\idir.zip",
          "COVERITY_CLI_POLARIS_CLIENT": "true",
          "COVERITY_CLI_POLARIS_SIGMA": "C:\\Users\\AlBessey\\.blackduck\\bridge\\tools\\sigma\\2025.10.0\\sigma.exe",
          "COVERITY_NO_LOG_ENVIRONMENT_VARIABLES": "1"
        },
        "stderr-tail": [
          "[WARNING] Configuration already exists for file regex $capture-config-files$",
          "          and it will not be updated."
        ],
        "start-time": "2025-12-02T12:25:03.6397437-05:00",
        "end-time": "2025-12-02T12:25:03.6848705-05:00",
        "duration": 45126800
      },
      {
        "command-line": "cmd /c msbuild MediaPlayerUI.sln /t:Clean",
        "cwd": "C:\\blackduck\\tests\\VB-net\\all-my-code\\product1",
        "env": {
          "COVERITY_CACHE_API_TOKEN_FILE": "C:\\Users\\AlBessey\\AppData\\Local\\Temp\\polaris_coverity_cache905186056\\.authKey",
          "COVERITY_CACHE_KEY": "03f591f9-c714-4349-8557-1235a21ef1d6",
          "COVERITY_CACHE_URL": "https://poc.polaris.blackduck.com/api/cache",
          "COVERITY_CLI_CAPTURE_ZIP_ARCHIVE": "C:\\blackduck\\tests\\VB-net\\all-my-code\\product1\\.bridge\\polaris_coverity_capture\\idir.zip",
          "COVERITY_CLI_POLARIS_CLIENT": "true",
          "COVERITY_CLI_POLARIS_SIGMA": "C:\\Users\\AlBessey\\.blackduck\\bridge\\tools\\sigma\\2025.10.0\\sigma.exe",
          "COVERITY_NO_LOG_ENVIRONMENT_VARIABLES": "1"
        },
        "stdout-tail": [
          "Project \"C:\\blackduck\\tests\\VB-net\\all-my-code\\product1\\MediaPlayerUI.sln\" on node 1 (Clean target(s)).",
          "ValidateSolutionConfiguration:",
          "  Building solution configuration \"Debug|Any CPU\".",
          "Done Building Project \"C:\\blackduck\\tests\\VB-net\\all-my-code\\product1\\MediaPlayerUI.sln\" (Clean target(s)).",
          "",
          "Build succeeded.",
          "    0 Warning(s)",
          "    0 Error(s)",
          "",
          "Time Elapsed 00:00:00.13"
        ],
        "start-time": "2025-12-02T12:25:03.7285165-05:00",
        "end-time": "2025-12-02T12:25:04.1318165-05:00",
        "duration": 403300000
      },
      {
        "command-line": "C:\\Users\\AlBessey\\.blackduck\\bridge\\tools\\cov-thin-client\\2025.9.0\\bin\\cov-build --dir C:\\blackduck\\tests\\VB-net\\all-my-code\\product1\\.bridge\\polaris_coverity_capture\\2025.9.0\\idir -c C:\\blackduck\\tests\\VB-net\\all-my-code\\product1\\.bridge\\polaris_coverity_capture\\2025.9.0\\idir\\coverity-cli\\build-compiler-configs\\coverity_config.xml --append-log --no-security-da --record-with-source --no-xrefs --enable-scan-transparency-data --bytecode-caching --force cmd /c msbuild MediaPlayerUI.sln /t:Build",
        "cwd": "C:\\blackduck\\tests\\VB-net\\all-my-code\\product1",
        "env": {
          "COVERITY_CACHE_API_TOKEN_FILE": "C:\\Users\\AlBessey\\AppData\\Local\\Temp\\polaris_coverity_cache905186056\\.authKey",
          "COVERITY_CACHE_KEY": "03f591f9-c714-4349-8557-1235a21ef1d6",
          "COVERITY_CACHE_URL": "https://poc.polaris.blackduck.com/api/cache",
          "COVERITY_CLI_CAPTURE_ZIP_ARCHIVE": "C:\\blackduck\\tests\\VB-net\\all-my-code\\product1\\.bridge\\polaris_coverity_capture\\idir.zip",
          "COVERITY_CLI_POLARIS_CLIENT": "true",
          "COVERITY_CLI_POLARIS_SIGMA": "C:\\Users\\AlBessey\\.blackduck\\bridge\\tools\\sigma\\2025.10.0\\sigma.exe",
          "COVERITY_NO_LOG_ENVIRONMENT_VARIABLES": "1"
        },
        "stdout-tail": [
          "    0 Error(s)",
          "",
          "Time Elapsed 00:00:06.99",
          "Attempting to detect unconfigured compilers in build",
          "|0----------25-----------50----------75---------100|",
          "****************************************************",
          "Recorded 11 Visual Basic compilation units (100%) successfully. These compilation units are ready for replay",
          "",
          "The cov-build utility completed successfully.",
          ""
        ],
        "start-time": "2025-12-02T12:25:04.1318165-05:00",
        "end-time": "2025-12-02T12:25:14.8622956-05:00",
        "duration": 10730479100,
        "meta": {
          "build-metrics": {
            "args": "C:\\Users\\AlBessey\\.blackduck\\bridge\\tools\\cov-thin-client\\2025.9.0\\bin\\cov-build --dir C:\\blackduck\\tests\\VB-net\\all-my-code\\product1\\.bridge\\polaris_coverity_capture\\2025.9.0\\idir -c C:\\blackduck\\tests\\VB-net\\all-my-code\\product1\\.bridge\\polaris_coverity_capture\\2025.9.0\\idir\\coverity-cli\\build-compiler-configs\\coverity_config.xml --append-log --no-security-da --record-with-source --no-xrefs --enable-scan-transparency-data --bytecode-caching --force cmd /c msbuild MediaPlayerUI.sln /t:Build",
            "buildcmd": "cmd.exe /c msbuild MediaPlayerUI.sln /t:Build",
            "config": "C:\\blackduck\\tests\\VB-net\\all-my-code\\product1\\.bridge\\polaris_coverity_capture\\2025.9.0\\idir\\coverity-cli\\build-compiler-configs\\coverity_config.xml",
            "cwd": "C:\\blackduck\\tests\\VB-net\\all-my-code\\product1",
            "cygwin": "no",
            "dotnet-webapp-compilation-secs": "0",
            "dotnet-webapp-successes": "0",
            "dotnet-webapps-detected": "0",
            "emitdir": "C:\\blackduck\\tests\\VB-net\\all-my-code\\product1\\.bridge\\polaris_coverity_capture\\2025.9.0\\idir\\emit",
            "failures": "0",
            "force": "yes",
            "host": "BD-45210",
            "ident": "2025.9.0 (build 477d3c5ddd p-2025.9-push-57)",
            "intermediatedir": "C:\\blackduck\\tests\\VB-net\\all-my-code\\product1\\.bridge\\polaris_coverity_capture\\2025.9.0\\idir",
            "outputdir": "C:\\blackduck\\tests\\VB-net\\all-my-code\\product1\\.bridge\\polaris_coverity_capture\\2025.9.0\\idir\\output",
            "platform": "Windows 11 Enterprise, 64-bit (build 26100)",
            "recoverable-errors": "0",
            "security-da-ms": "0",
            "short-platform": "win64",
            "successes": "11",
            "time": "9",
            "user": "AlBessey"
          }
        }
      },
      {
        "command-line": "C:\\Users\\AlBessey\\.blackduck\\bridge\\tools\\cov-thin-client\\2025.9.0\\bin\\cov-manage-emit --dir C:\\blackduck\\tests\\VB-net\\all-my-code\\product1\\.bridge\\polaris_coverity_capture\\2025.9.0\\idir list-capture-diagnostics",
        "cwd": "C:\\blackduck\\tests\\VB-net\\all-my-code\\product1",
        "env": {
          "COVERITY_CACHE_API_TOKEN_FILE": "C:\\Users\\AlBessey\\AppData\\Local\\Temp\\polaris_coverity_cache905186056\\.authKey",
          "COVERITY_CACHE_KEY": "03f591f9-c714-4349-8557-1235a21ef1d6",
          "COVERITY_CACHE_URL": "https://poc.polaris.blackduck.com/api/cache",
          "COVERITY_CLI_CAPTURE_ZIP_ARCHIVE": "C:\\blackduck\\tests\\VB-net\\all-my-code\\product1\\.bridge\\polaris_coverity_capture\\idir.zip",
          "COVERITY_CLI_POLARIS_CLIENT": "true",
          "COVERITY_CLI_POLARIS_SIGMA": "C:\\Users\\AlBessey\\.blackduck\\bridge\\tools\\sigma\\2025.10.0\\sigma.exe",
          "COVERITY_NO_LOG_ENVIRONMENT_VARIABLES": "1"
        },
        "stdout-tail": [
          "    },",
          "    {",
          "      \"file-path\" : \"C:/blackduck/tests/VB-net/all-my-code/product1/MediaPlayerUI/obj/Debug/MediaPlayerUI.exe\",",
          "      \"last-modified\" : \"2025-12-02T17:25:10+0000\",",
          "      \"file-size-in-bytes\" : 84480,",
          "      \"code-line-count\" : 0,",
          "      \"translation-unit\" : null",
          "    }",
          "  ]",
          "}"
        ],
        "start-time": "2025-12-02T12:25:14.8627998-05:00",
        "end-time": "2025-12-02T12:25:14.9136355-05:00",
        "duration": 50835700
      },
      {
        "command-line": "C:\\Users\\AlBessey\\.blackduck\\bridge\\tools\\cov-thin-client\\2025.9.0\\bin\\cov-internal-capture-files --dir C:\\blackduck\\tests\\VB-net\\all-my-code\\product1\\.bridge\\polaris_coverity_capture\\2025.9.0\\idir -c C:\\blackduck\\tests\\VB-net\\all-my-code\\product1\\.bridge\\polaris_coverity_capture\\2025.9.0\\idir\\coverity-cli\\buildless-compiler-configs\\coverity_config.xml --ticker-mode none --append-log --capture-list-file C:\\blackduck\\tests\\VB-net\\all-my-code\\product1\\.bridge\\polaris_coverity_capture\\2025.9.0\\idir\\coverity-cli\\capture-file-list-2237108064 --record-with-source",
        "cwd": "C:\\blackduck\\tests\\VB-net\\all-my-code\\product1",
        "env": {
          "COVERITY_CACHE_API_TOKEN_FILE": "C:\\Users\\AlBessey\\AppData\\Local\\Temp\\polaris_coverity_cache905186056\\.authKey",
          "COVERITY_CACHE_KEY": "03f591f9-c714-4349-8557-1235a21ef1d6",
          "COVERITY_CACHE_URL": "https://poc.polaris.blackduck.com/api/cache",
          "COVERITY_CLI_CAPTURE_ZIP_ARCHIVE": "C:\\blackduck\\tests\\VB-net\\all-my-code\\product1\\.bridge\\polaris_coverity_capture\\idir.zip",
          "COVERITY_CLI_POLARIS_CLIENT": "true",
          "COVERITY_CLI_POLARIS_SIGMA": "C:\\Users\\AlBessey\\.blackduck\\bridge\\tools\\sigma\\2025.10.0\\sigma.exe",
          "COVERITY_NO_LOG_ENVIRONMENT_VARIABLES": "1"
        },
        "stdout-tail": [
          "[INFO] Buildless capture started.",
          "[INFO] Emitting 27 Files.",
          "[INFO] Buildless capture completed."
        ],
        "start-time": "2025-12-02T12:25:14.9295473-05:00",
        "end-time": "2025-12-02T12:25:17.4173533-05:00",
        "duration": 2487806000
      },
      {
        "command-line": "C:\\Users\\AlBessey\\.blackduck\\bridge\\tools\\cov-thin-client\\2025.9.0\\bin\\cov-manage-emit --dir C:\\blackduck\\tests\\VB-net\\all-my-code\\product1\\.bridge\\polaris_coverity_capture\\2025.9.0\\idir list-capture-diagnostics",
        "cwd": "C:\\blackduck\\tests\\VB-net\\all-my-code\\product1",
        "env": {
          "COVERITY_CACHE_API_TOKEN_FILE": "C:\\Users\\AlBessey\\AppData\\Local\\Temp\\polaris_coverity_cache905186056\\.authKey",
          "COVERITY_CACHE_KEY": "03f591f9-c714-4349-8557-1235a21ef1d6",
          "COVERITY_CACHE_URL": "https://poc.polaris.blackduck.com/api/cache",
          "COVERITY_CLI_CAPTURE_ZIP_ARCHIVE": "C:\\blackduck\\tests\\VB-net\\all-my-code\\product1\\.bridge\\polaris_coverity_capture\\idir.zip",
          "COVERITY_CLI_POLARIS_CLIENT": "true",
          "COVERITY_CLI_POLARIS_SIGMA": "C:\\Users\\AlBessey\\.blackduck\\bridge\\tools\\sigma\\2025.10.0\\sigma.exe",
          "COVERITY_NO_LOG_ENVIRONMENT_VARIABLES": "1"
        },
        "stdout-tail": [
          "    },",
          "    {",
          "      \"file-path\" : \"C:/blackduck/tests/VB-net/all-my-code/product1/MediaPlayerUI/obj/Debug/MediaPlayerUI.exe\",",
          "      \"last-modified\" : \"2025-12-02T17:25:10+0000\",",
          "      \"file-size-in-bytes\" : 84480,",
          "      \"code-line-count\" : 0,",
          "      \"translation-unit\" : null",
          "    }",
          "  ]",
          "}"
        ],
        "start-time": "2025-12-02T12:25:17.4178946-05:00",
        "end-time": "2025-12-02T12:25:17.4677772-05:00",
        "duration": 49882600
      },
      {
        "command-line": "C:\\Users\\AlBessey\\.blackduck\\bridge\\tools\\cov-thin-client\\2025.9.0\\bin\\cov-run-sigma --project-dir C:\\blackduck\\tests\\VB-net\\all-my-code\\product1 --dir C:\\blackduck\\tests\\VB-net\\all-my-code\\product1\\.bridge\\polaris_coverity_capture\\2025.9.0\\idir --coverity-config C:\\Users\\AlBessey\\AppData\\Local\\Temp\\cov-run-sigma-config-906742390\\coverity.yaml --sigma-binary-path C:\\Users\\AlBessey\\.blackduck\\bridge\\tools\\sigma\\2025.10.0\\sigma.exe --enable-telemetry",
        "cwd": "C:\\blackduck\\tests\\VB-net\\all-my-code\\product1",
        "env": {
          "COVERITY_CACHE_API_TOKEN_FILE": "C:\\Users\\AlBessey\\AppData\\Local\\Temp\\polaris_coverity_cache905186056\\.authKey",
          "COVERITY_CACHE_KEY": "03f591f9-c714-4349-8557-1235a21ef1d6",
          "COVERITY_CACHE_URL": "https://poc.polaris.blackduck.com/api/cache",
          "COVERITY_CLI_CAPTURE_ZIP_ARCHIVE": "C:\\blackduck\\tests\\VB-net\\all-my-code\\product1\\.bridge\\polaris_coverity_capture\\idir.zip",
          "COVERITY_CLI_POLARIS_CLIENT": "true",
          "COVERITY_CLI_POLARIS_SIGMA": "C:\\Users\\AlBessey\\.blackduck\\bridge\\tools\\sigma\\2025.10.0\\sigma.exe",
          "COVERITY_NO_LOG_ENVIRONMENT_VARIABLES": "1"
        },
        "stdout-tail": [
          "cov-run-sigma version 2025.9.0 on Windows 11 Enterprise, 64-bit (build 26100)",
          "Internal version numbers: 477d3c5ddd p-2025.9-push-57",
          ""
        ],
        "start-time": "2025-12-02T12:25:17.4706057-05:00",
        "end-time": "2025-12-02T12:25:20.5457937-05:00",
        "duration": 3075188000
      },
      {
        "command-line": "C:\\Users\\AlBessey\\.blackduck\\bridge\\tools\\cov-thin-client\\2025.9.0\\bin\\cov-manage-emit --dir C:\\blackduck\\tests\\VB-net\\all-my-code\\product1\\.bridge\\polaris_coverity_capture\\2025.9.0\\idir list-capture-diagnostics",
        "cwd": "C:\\blackduck\\tests\\VB-net\\all-my-code\\product1",
        "env": {
          "COVERITY_CACHE_API_TOKEN_FILE": "C:\\Users\\AlBessey\\AppData\\Local\\Temp\\polaris_coverity_cache905186056\\.authKey",
          "COVERITY_CACHE_KEY": "03f591f9-c714-4349-8557-1235a21ef1d6",
          "COVERITY_CACHE_URL": "https://poc.polaris.blackduck.com/api/cache",
          "COVERITY_CLI_CAPTURE_ZIP_ARCHIVE": "C:\\blackduck\\tests\\VB-net\\all-my-code\\product1\\.bridge\\polaris_coverity_capture\\idir.zip",
          "COVERITY_CLI_POLARIS_CLIENT": "true",
          "COVERITY_CLI_POLARIS_SIGMA": "C:\\Users\\AlBessey\\.blackduck\\bridge\\tools\\sigma\\2025.10.0\\sigma.exe",
          "COVERITY_NO_LOG_ENVIRONMENT_VARIABLES": "1"
        },
        "stdout-tail": [
          "    },",
          "    {",
          "      \"file-path\" : \"C:/blackduck/tests/VB-net/all-my-code/product1/MediaPlayerUI/obj/Debug/MediaPlayerUI.exe\",",
          "      \"last-modified\" : \"2025-12-02T17:25:10+0000\",",
          "      \"file-size-in-bytes\" : 84480,",
          "      \"code-line-count\" : 0,",
          "      \"translation-unit\" : null",
          "    }",
          "  ]",
          "}"
        ],
        "start-time": "2025-12-02T12:25:20.5530957-05:00",
        "end-time": "2025-12-02T12:25:20.606296-05:00",
        "duration": 53200300
      }
    ]
  },
  "analysis": {
    "configuration": {}
  }
}
