<?xml version="1.0" encoding="UTF-8"?>
<!DOCTYPE coverity SYSTEM "coverity_config.dtd">
<coverity>
<!-- THIS FILE IS AUTOMATICALLY GENERATED - YOU MAY ADD XML ENTITIES -->
<!-- TO UPDATE THE COMPILER CONFIGURATION AFTER THE begin_command_line_config ENTITY. -->

    <cit_version>1</cit_version>
    <config>
      <build>
        <compiler>
          <comp_name>vbc</comp_name>
          <comp_dir>c:\program files\microsoft visual studio\18\community\msbuild\current\bin\roslyn</comp_dir>
          <comp_translator>vbc</comp_translator>
          <comp_lang>Visual Basic</comp_lang>
          <comp_front_end>cov-emit-vb</comp_front_end>
          <comp_desc>Microsoft Visual Basic Compiler</comp_desc>
          <comp_generic>vbc</comp_generic>
          <id>vbc-vbc-4757b806fcf2fb12efabf144b63e82ab-0</id>
          <is_compiler>true</is_compiler>
          <is_linker>false</is_linker>
        </compiler>
        <options>
          <id>vbc-vbc-4757b806fcf2fb12efabf144b63e82ab-0</id>
          <template_config_option_id>vbc-vbc-.*</template_config_option_id>
          <compile_options></compile_options>
          <pre_trans>
            <options>
              <prepend_arg>-coverity_source=vb</prepend_arg>
              <intern_trans>vbc_pre_translate</intern_trans>
            </options>
          </pre_trans>
          <expand>
            <options>
              <replace_arg_regex>
                <replace>@[a-zA-Z0-9]+@(.*)</replace>
                <with>--coverity_resp_file=$1</with>
              </replace_arg_regex>
              <replace_arg_regex>
                <replace>@+(.*)</replace>
                <with>--coverity_resp_file=$1</with>
              </replace_arg_regex>
            </options>
          </expand>
          <begin_command_line_config></begin_command_line_config>
        </options>
      </build>
    </config>
    <md5>a134be0894195cc2dbd8d479bddb772d</md5>
</coverity>

