{
  "V1": {
    "file_metrics": {
      "files_discovered": 516,
      "files_analyzed": 32,
      "skipped_files_code_exclusion": 468,
      "skipped_files_scm_ignored": 0,
      "skipped_files_too_large": 0,
      "skipped_files_others": 16,
      "files_by_language": {
        "XML": 5,
        "Markdown": 1,
        "Unknown": 6,
        "YAML": 1,
        "Plain Text": 1,
        "Visual Basic": 12,
        "MSBuild": 1,
        ".NET Resource": 4,
        "Visual Studio Solution": 1
      }
    },
    "defect_metrics": {},
    "performance": {
      "total_duration_microseconds": 496247.0,
      "total_duration": "0 seconds"
    }
  }
}