{
  "header": {
    "version": 1,
    "format": "coverity-sigma-integration"
  },
  "sources": [
    {
      "file": "C:\\blackduck\\tests\\VB-net\\all-my-code\\product1\\MediaPlayerUI\\My Project\\Resources.Designer.vb",
      "language": "visual basic"
    },
    {
      "file": "C:\\blackduck\\tests\\VB-net\\all-my-code\\product1\\MediaPlayerUI\\Form2.resx",
      "language": "text"
    },
    {
      "file": "C:\\blackduck\\tests\\VB-net\\all-my-code\\product1\\MediaPlayerUI\\obj\\Debug\\MediaPlayerUI.xml",
      "language": "text"
    },
    {
      "file": "C:\\blackduck\\tests\\VB-net\\all-my-code\\product1\\MediaPlayerUI\\App.config",
      "language": "text"
    },
    {
      "file": "C:\\blackduck\\tests\\VB-net\\all-my-code\\product1\\MediaPlayerUI\\obj\\Debug\\MediaPlayerUI.vbproj.CoreCompileInputs.cache",
      "language": "text"
    },
    {
      "file": "C:\\blackduck\\tests\\VB-net\\all-my-code\\product1\\MediaPlayerUI\\bin\\Debug\\MediaPlayerUI.xml",
      "language": "text"
    },
    {
      "file": "C:\\blackduck\\tests\\VB-net\\all-my-code\\product1\\MediaPlayerUI\\Form2.Designer.vb",
      "language": "visual basic"
    },
    {
      "file": "C:\\blackduck\\tests\\VB-net\\all-my-code\\product1\\MediaPlayerUI\\bin\\Debug\\MediaPlayerUI.exe.config",
      "language": "text"
    },
    {
      "file": "C:\\blackduck\\tests\\VB-net\\all-my-code\\product1\\MediaPlayerUI\\obj\\Debug\\MediaPlayerUI.vbproj.FileListAbsolute.txt",
      "language": "text"
    },
    {
      "file": "C:\\blackduck\\tests\\VB-net\\all-my-code\\product1\\MediaPlayerUI\\Form1.Designer.vb",
      "language": "visual basic"
    },
    {
      "file": "C:\\blackduck\\tests\\VB-net\\all-my-code\\product1\\MediaPlayerUI\\My Project\\Resources.resx",
      "language": "text"
    },
    {
      "file": "C:\\blackduck\\tests\\VB-net\\all-my-code\\product1\\coverity.yaml",
      "language": "text"
    },
    {
      "file": "C:\\blackduck\\tests\\VB-net\\all-my-code\\product1\\MediaPlayerUI\\obj\\Debug\\.NETFramework,Version=v4.5.2.AssemblyAttributes.vb",
      "language": "visual basic"
    },
    {
      "file": "C:\\blackduck\\tests\\VB-net\\all-my-code\\product1\\MediaPlayerUI\\Form3.Designer.vb",
      "language": "visual basic"
    },
    {
      "file": "C:\\blackduck\\tests\\VB-net\\all-my-code\\product1\\MediaPlayerUI\\Form2.vb",
      "language": "visual basic"
    },
    {
      "file": "C:\\blackduck\\tests\\VB-net\\all-my-code\\product1\\MediaPlayerUI\\Form1.resx",
      "language": "text"
    },
    {
      "file": "C:\\blackduck\\tests\\VB-net\\all-my-code\\product1\\MediaPlayerUI\\My Project\\Settings.Designer.vb",
      "language": "visual basic"
    },
    {
      "file": "C:\\blackduck\\tests\\VB-net\\all-my-code\\product1\\MediaPlayerUI\\My Project\\Application.myapp",
      "language": "text"
    },
    {
      "file": "C:\\blackduck\\tests\\VB-net\\all-my-code\\product1\\MediaPlayerUI\\My Project\\Application.Designer.vb",
      "language": "visual basic"
    },
    {
      "file": "C:\\blackduck\\tests\\VB-net\\all-my-code\\product1\\MediaPlayerUI\\Form1.vb",
      "language": "visual basic"
    },
    {
      "file": "C:\\blackduck\\tests\\VB-net\\all-my-code\\product1\\MediaPlayerUI\\My Project\\AssemblyInfo.vb",
      "language": "visual basic"
    },
    {
      "file": "C:\\blackduck\\tests\\VB-net\\all-my-code\\product1\\LICENSE",
      "language": "text"
    },
    {
      "file": "C:\\blackduck\\tests\\VB-net\\all-my-code\\product1\\README.md",
      "language": "text"
    },
    {
      "file": "C:\\blackduck\\tests\\VB-net\\all-my-code\\product1\\MediaPlayerUI\\MediaPlayerUI.vbproj.user",
      "language": "text"
    },
    {
      "file": "C:\\blackduck\\tests\\VB-net\\all-my-code\\product1\\MediaPlayerUI\\Form3.resx",
      "language": "text"
    },
    {
      "file": "C:\\blackduck\\tests\\VB-net\\all-my-code\\product1\\MediaPlayerUI\\MediaPlayerUI.vbproj",
      "language": "text"
    },
    {
      "file": "C:\\blackduck\\tests\\VB-net\\all-my-code\\product1\\MediaPlayerUI\\Form3.vb",
      "language": "visual basic"
    },
    {
      "file": "C:\\blackduck\\tests\\VB-net\\all-my-code\\product1\\MediaPlayerUI\\bin\\Debug\\MediaPlayerUI.vshost.exe.manifest",
      "language": "text"
    },
    {
      "file": "C:\\blackduck\\tests\\VB-net\\all-my-code\\product1\\MediaPlayerUI\\obj\\Debug\\.NETFramework,Version=v4.8.AssemblyAttributes.vb",
      "language": "visual basic"
    },
    {
      "file": "C:\\blackduck\\tests\\VB-net\\all-my-code\\product1\\MediaPlayerUI.sln",
      "language": "text"
    },
    {
      "file": "C:\\blackduck\\tests\\VB-net\\all-my-code\\product1\\MediaPlayerUI\\bin\\Debug\\MediaPlayerUI.vshost.exe.config",
      "language": "text"
    },
    {
      "file": "C:\\blackduck\\tests\\VB-net\\all-my-code\\product1\\MediaPlayerUI\\My Project\\Settings.settings",
      "language": "text"
    }
  ],
  "issues": [],
  "scan_info": {
    "enabled_checker_names": [
      "DOM_XSS",
      "EL_INJECTION",
      "HEADER_INJECTION",
      "JAVA_CODE_INJECTION",
      "JCR_INJECTION",
      "LDAP_INJECTION",
      "NOSQL_QUERY_INJECTION",
      "OGNL_INJECTION",
      "OPEN_REDIRECT",
      "OS_CMD_INJECTION",
      "PATH_MANIPULATION",
      "REGEX_INJECTION",
      "SCRIPT_CODE_INJECTION",
      "SENSITIVE_DATA_LEAK",
      "SESSION_FIXATION",
      "SIGMA.access_control_disabled",
      "SIGMA.access_to_secret",
      "SIGMA.admin_access_enabled",
      "SIGMA.admin_dashboard_publicly_accessible",
      "SIGMA.alias_ip_disabled",
      "SIGMA.allow_all_authz_policy",
      "SIGMA.allow_non_strict_processing",
      "SIGMA.allow_self_signed_certificate",
      "SIGMA.always_remember_me_enabled",
      "SIGMA.anonymous_access_enabled",
      "SIGMA.anti_spoofing_disabled",
      "SIGMA.api_exposes_refresh_token",
      "SIGMA.api_key_auth_enabled",
      "SIGMA.api_key_in_query_string",
      "SIGMA.apparmour_default_configuration_override",
      "SIGMA.audio_recording_enabled",
      "SIGMA.automatic_key_rotation_disabled",
      "SIGMA.automatic_os_upgrade_disabled",
      "SIGMA.automatic_repair_disabled",
      "SIGMA.automatic_upgrade_disabled",
      "SIGMA.automounting_service_account_token",
      "SIGMA.azure_ad_authentication_disabled",
      "SIGMA.azure_ad_managed_identities_disabled",
      "SIGMA.backups_allowed",
      "SIGMA.basic_auth_enabled",
      "SIGMA.biometric_authentication_protection_disabled",
      "SIGMA.broad_domain_attribute_cookie",
      "SIGMA.broad_filesystem_access",
      "SIGMA.cache_ttl_too_long",
      "SIGMA.cbc_insecure_padding",
      "SIGMA.certificate_rotation_disabled",
      "SIGMA.certificate_verification_disabled",
      "SIGMA.circuit_breaker_disabled",
      "SIGMA.client_store_info_leak",
      "SIGMA.cloud_database_deletion_protection_disabled",
      "SIGMA.cloud_gateway_publicly_accessible",
      "SIGMA.cloud_object_lock_disabled",
      "SIGMA.cloud_resource_assigned_public_ip",
      "SIGMA.cloud_resource_publicly_accessible",
      "SIGMA.cloud_service_authn_disabled",
      "SIGMA.cloud_service_authz_disabled",
      "SIGMA.cloud_storage_allows_public_config",
      "SIGMA.cloud_storage_default_allow_all",
      "SIGMA.cloud_storage_encryption_disabled",
      "SIGMA.cloud_storage_publicly_accessible",
      "SIGMA.confidential_computing_disabled",
      "SIGMA.config_browser_plugin_enabled",
      "SIGMA.conflicting_names",
      "SIGMA.connection_timeout_disabled",
      "SIGMA.container_access_to_host_filesystem",
      "SIGMA.container_daemon_socket_exposed",
      "SIGMA.container_empty_security_context",
      "SIGMA.container_filesystem_write",
      "SIGMA.container_hostport_binding",
      "SIGMA.container_insecure_bind_address",
      "SIGMA.container_mapped_to_privileged_port",
      "SIGMA.container_missing_cpu_limit",
      "SIGMA.container_missing_memory_limit",
      "SIGMA.container_privilege_escalation_allowed",
      "SIGMA.container_requesting_net_raw",
      "SIGMA.container_requesting_sys_admin",
      "SIGMA.container_running_as_root",
      "SIGMA.container_sharing_host_ipc_namespace",
      "SIGMA.container_sharing_host_network_namespace",
      "SIGMA.container_sharing_host_pid_namespace",
      "SIGMA.container_sharing_mount_volumes",
      "SIGMA.container_storing_secret_in_environment_variable",
      "SIGMA.container_sudo_usage",
      "SIGMA.content_isolation_disabled",
      "SIGMA.content_security_policy_disabled",
      "SIGMA.cookie_logging_enabled",
      "SIGMA.cookie_session_signing_disabled",
      "SIGMA.cors_configured_globally",
      "SIGMA.cors_no_credentials_permissive_origin",
      "SIGMA.cors_origin_string",
      "SIGMA.cors_preflight_age_too_long",
      "SIGMA.cors_with_credentials_all_origin",
      "SIGMA.cors_with_credentials_http_origin",
      "SIGMA.cors_with_credentials_null_origin",
      "SIGMA.cors_with_credentials_subdomain_origin",
      "SIGMA.credentials_validation_disabled",
      "SIGMA.credentials_without_keychain_protection",
      "SIGMA.csp_frame_ancestors_disabled",
      "SIGMA.csp_mixed_content",
      "SIGMA.csp_permissive_source",
      "SIGMA.csp_unsafe_eval",
      "SIGMA.csp_unsafe_inline",
      "SIGMA.csrf",
      "SIGMA.csrf_protection_disabled",
      "SIGMA.custom_cryptography",
      "SIGMA.custom_keyboards_enabled",
      "SIGMA.custom_resource_in_default_namespace",
      "SIGMA.dangerous_oauth2_implicit_flow",
      "SIGMA.dangerous_ropc_flow",
      "SIGMA.dangerously_exposed_interface",
      "SIGMA.data_exfiltration_protection_disabled",
      "SIGMA.data_mask_obfuscation_disabled",
      "SIGMA.data_sent_to_external_server",
      "SIGMA.database_encryption_disabled",
      "SIGMA.database_integrity_protection_disabled",
      "SIGMA.database_repair_mode_enabled",
      "SIGMA.ddos_protection_disabled",
      "SIGMA.debug_enabled",
      "SIGMA.debug_logging_enabled",
      "SIGMA.default_allow_all_authz_policy",
      "SIGMA.default_service_account_enabled",
      "SIGMA.deletion_protection_disabled",
      "SIGMA.deprecated_component_used",
      "SIGMA.deprecated_http_client",
      "SIGMA.deprecated_runtime_version",
      "SIGMA.deprecated_xss_header",
      "SIGMA.dev_mode_enabled",
      "SIGMA.digest_auth_enabled",
      "SIGMA.disk_encryption_disabled",
      "SIGMA.dns_prefetch_control_disabled",
      "SIGMA.dnssec_disabled",
      "SIGMA.drop_invalid_header_disabled",
      "SIGMA.duplicate_validation_forms",
      "SIGMA.dynamic_method_invocation",
      "SIGMA.dynamically_loading_extensions_enabled",
      "SIGMA.el_injection",
      "SIGMA.element_any",
      "SIGMA.empty_encryption_key",
      "SIGMA.empty_password",
      "SIGMA.empty_salt",
      "SIGMA.empty_signing_key",
      "SIGMA.encryption_disabled",
      "SIGMA.excessive_auth_attempts",
      "SIGMA.excessive_connection_timeout",
      "SIGMA.excessive_http_buffer_size",
      "SIGMA.excessive_key_rotation_period",
      "SIGMA.excessive_memory_limit",
      "SIGMA.excessive_request_retries",
      "SIGMA.excessive_request_size",
      "SIGMA.excessive_session_lifetime",
      "SIGMA.excessive_token_lifetime",
      "SIGMA.excessive_ttl",
      "SIGMA.expect_ct_disabled",
      "SIGMA.experimental_features_enabled",
      "SIGMA.exposed_directory_listing",
      "SIGMA.exposed_privileged_account",
      "SIGMA.exposed_secret",
      "SIGMA.expression_escaping_disabled",
      "SIGMA.external_storage_used",
      "SIGMA.file_data_unprotected_on_device",
      "SIGMA.file_header_crc_disabled",
      "SIGMA.file_upload_misconfiguration",
      "SIGMA.file_upload_misconfiguration_of_fields",
      "SIGMA.file_upload_misconfiguration_of_file_path",
      "SIGMA.file_upload_misconfiguration_of_filesize",
      "SIGMA.file_upload_misconfiguration_of_safe_file_names",
      "SIGMA.file_upload_misconfiguration_of_storage",
      "SIGMA.file_upload_misconfiguration_of_temp_files",
      "SIGMA.full_table_scan",
      "SIGMA.gateway_exposes_all_hosts",
      "SIGMA.general_pasteboard_used",
      "SIGMA.geo_redundant_backup_disabled",
      "SIGMA.graphiql_enabled",
      "SIGMA.hardcoded_remember_me_key",
      "SIGMA.hardcoded_secret",
      "SIGMA.hardcoded_value",
      "SIGMA.hardware_backed_security_disabled",
      "SIGMA.healthcheck_disabled",
      "SIGMA.hide_powered_by_disabled",
      "SIGMA.host_header_validation_disabled",
      "SIGMA.hpkp_max_age_too_long",
      "SIGMA.hpkp_report_uri_missing_tls",
      "SIGMA.hsts_disabled",
      "SIGMA.hsts_http_header_short_max_age",
      "SIGMA.hsts_http_header_subdomains_disabled",
      "SIGMA.http_firewall_allow_any_http_method",
      "SIGMA.http_firewall_allows_special_char",
      "SIGMA.http_firewall_insecure_default",
      "SIGMA.http_header_validation_disabled",
      "SIGMA.http_method_missing_authz",
      "SIGMA.http_verb_tampering_method_inclusion",
      "SIGMA.http_verb_tampering_method_omission",
      "SIGMA.ie_no_open_disabled",
      "SIGMA.image_scanning_disabled",
      "SIGMA.immutable_tag_disabled",
      "SIGMA.improper_use_of_add_command",
      "SIGMA.improper_use_of_symmetric_cryptography",
      "SIGMA.incomplete_credential_removal",
      "SIGMA.infrastructure_encryption_disabled",
      "SIGMA.insecure_active_user_switch",
      "SIGMA.insecure_argon2_parameters",
      "SIGMA.insecure_block_cipher_algorithm",
      "SIGMA.insecure_block_cipher_mode",
      "SIGMA.insecure_cipher",
      "SIGMA.insecure_cookie_storage",
      "SIGMA.insecure_credential_use",
      "SIGMA.insecure_dataframe",
      "SIGMA.insecure_direct_object_reference",
      "SIGMA.insecure_file_permission",
      "SIGMA.insecure_iframe_sandbox",
      "SIGMA.insecure_ipc",
      "SIGMA.insecure_network_bind",
      "SIGMA.insecure_permission_on_exported_component",
      "SIGMA.insecure_random",
      "SIGMA.insecure_random_seed",
      "SIGMA.insecure_referrer_policy",
      "SIGMA.insecure_samesite_attribute_cookie",
      "SIGMA.insecure_stream_cipher_algorithm",
      "SIGMA.insecure_temporary_file",
      "SIGMA.insecure_tls_cipher_suite",
      "SIGMA.insecure_tls_renegotiation",
      "SIGMA.insecure_tls_version",
      "SIGMA.insecure_xss_filter",
      "SIGMA.insufficient_asymmetric_key_size",
      "SIGMA.insufficient_brute_force_protection",
      "SIGMA.insufficient_log_retention",
      "SIGMA.insufficient_logging",
      "SIGMA.insufficient_password_hash_iterations",
      "SIGMA.insufficient_password_hash_key_length",
      "SIGMA.insufficient_password_hash_salt_length",
      "SIGMA.insufficient_presigned_url_timeout",
      "SIGMA.insufficient_soft_delete_retention",
      "SIGMA.insufficient_symmetric_key_size",
      "SIGMA.insufficient_token_entropy",
      "SIGMA.introspection_enabled",
      "SIGMA.ip_forwarding_enabled",
      "SIGMA.iptable_synchronization_disabled",
      "SIGMA.javascript_code_in_description",
      "SIGMA.jwt_algorithm_none",
      "SIGMA.jwt_ignored_expiration_time",
      "SIGMA.jwt_ignored_start_time",
      "SIGMA.jwt_no_claims_validation",
      "SIGMA.jwt_non_expiring_token",
      "SIGMA.jwt_revoke_missing",
      "SIGMA.jwt_untrusted_decode",
      "SIGMA.kernel_protection_disabled",
      "SIGMA.keyboard_cache_enabled",
      "SIGMA.keychain_data_unprotected_after_device_powered_on",
      "SIGMA.keychain_data_unprotected_after_first_login",
      "SIGMA.keychain_data_unprotected_passcode_not_set",
      "SIGMA.kms_encryption_service_disabled",
      "SIGMA.kubernetes_dashboard_enabled",
      "SIGMA.ldap_anonymous_authentication",
      "SIGMA.ldap_entry_poisoning",
      "SIGMA.least_privilege_violation",
      "SIGMA.legacy_attribute_based_access_control",
      "SIGMA.local_infile_enabled",
      "SIGMA.location_tracking_enabled",
      "SIGMA.log_file_validation_disabled",
      "SIGMA.log_monitoring_disabled",
      "SIGMA.logging_disabled",
      "SIGMA.logging_request_parameters",
      "SIGMA.login_over_http",
      "SIGMA.lossy_encoding",
      "SIGMA.malicious_url",
      "SIGMA.markdown_allow_dangerous_html",
      "SIGMA.message_encryption_disabled",
      "SIGMA.microservice_authn_disabled",
      "SIGMA.middleware_applied_globally",
      "SIGMA.misconfigured_oauth2",
      "SIGMA.missing_default_response_object",
      "SIGMA.missing_exported_attribute",
      "SIGMA.missing_global_exception_handler",
      "SIGMA.missing_high_availability_support",
      "SIGMA.missing_httponly_attribute",
      "SIGMA.missing_httponly_attribute_csrf_cookie",
      "SIGMA.missing_httponly_attribute_session_cookie",
      "SIGMA.missing_iframe_sandbox",
      "SIGMA.missing_load_balancer",
      "SIGMA.missing_mfa",
      "SIGMA.missing_min_sdk_version",
      "SIGMA.missing_mtls",
      "SIGMA.missing_network_security_policy",
      "SIGMA.missing_perfect_forward_secrecy",
      "SIGMA.missing_permission_on_exported_component",
      "SIGMA.missing_samesite_attribute",
      "SIGMA.missing_samesite_attribute_csrf_cookie",
      "SIGMA.missing_samesite_attribute_session_cookie",
      "SIGMA.missing_secure_attribute",
      "SIGMA.missing_secure_attribute_csrf_cookie",
      "SIGMA.missing_secure_attribute_remember_me_cookie",
      "SIGMA.missing_secure_attribute_session_cookie",
      "SIGMA.missing_security_constraint",
      "SIGMA.missing_servlet_mapping",
      "SIGMA.missing_target_sdk_version",
      "SIGMA.missing_tls",
      "SIGMA.missing_uses_sdk_version",
      "SIGMA.missing_vpc",
      "SIGMA.missing_x_frame_options_header",
      "SIGMA.mixed_content_allowed",
      "SIGMA.multi_region_configuration_aggregation_disabled",
      "SIGMA.multi_region_logging_disabled",
      "SIGMA.no_complexity_limit",
      "SIGMA.no_depth_limit",
      "SIGMA.no_password_change_on_first_login",
      "SIGMA.no_rate_limiting",
      "SIGMA.no_sniff_disabled",
      "SIGMA.non_production_api_endpoint",
      "SIGMA.non_production_route",
      "SIGMA.null_cipher_used",
      "SIGMA.oauth2_pkce_plaintext_challenge",
      "SIGMA.oauth2_scope_in_token_request",
      "SIGMA.open_smtp_relay",
      "SIGMA.optimized_image_not_used",
      "SIGMA.outdated_target_sdk_version",
      "SIGMA.outdated_version_used",
      "SIGMA.overwrite_unintended_variables",
      "SIGMA.parameter_merging_enabled",
      "SIGMA.parameters_validation_disabled",
      "SIGMA.password_change_disallowed",
      "SIGMA.password_change_without_old_password",
      "SIGMA.password_stored_without_hash",
      "SIGMA.permissive_intent_list",
      "SIGMA.permissive_navigation_list",
      "SIGMA.permissive_network_list",
      "SIGMA.permitted_cross_domain_policies_disabled",
      "SIGMA.persistent_cookie",
      "SIGMA.plaintext_storage_sensitive_data",
      "SIGMA.predictable_secret",
      "SIGMA.privileged_connection_allowed",
      "SIGMA.privileged_container_allowed",
      "SIGMA.profiling_enabled",
      "SIGMA.project_encryption_disabled",
      "SIGMA.public_github_repository",
      "SIGMA.publicly_accessible_serial_port_enabled",
      "SIGMA.publicly_writable_directories_used",
      "SIGMA.query_encryption_disabled",
      "SIGMA.query_logging_enabled",
      "SIGMA.referrer_policy_disabled",
      "SIGMA.remote_access_via_guest_account",
      "SIGMA.remote_application_enabled",
      "SIGMA.remote_execution_enabled",
      "SIGMA.remote_file_inclusion",
      "SIGMA.request_allows_any_media_type",
      "SIGMA.request_logging_enabled",
      "SIGMA.request_tracing_disabled",
      "SIGMA.request_validation_disabled",
      "SIGMA.response_cache_encryption_disabled",
      "SIGMA.response_cache_used_without_validation",
      "SIGMA.response_caching_enabled",
      "SIGMA.response_logging_enabled",
      "SIGMA.reverse_tabnabbing",
      "SIGMA.root_path_attribute_cookie",
      "SIGMA.rsa_no_padding",
      "SIGMA.safe_browsing_options_disabled",
      "SIGMA.sasl_plain_enabled",
      "SIGMA.screenshot_data_leak",
      "SIGMA.script_checks_enabled",
      "SIGMA.script_timeout_too_long",
      "SIGMA.seccomp_disabled",
      "SIGMA.security_alerts_disabled",
      "SIGMA.security_alerts_notification_disabled",
      "SIGMA.security_scanning_disabled",
      "SIGMA.selinux_default_configuration_override",
      "SIGMA.sensitive_data_in_cookie",
      "SIGMA.sensitive_data_in_query_string",
      "SIGMA.sensitive_data_in_response",
      "SIGMA.server_side_request_unrestricted",
      "SIGMA.service_account_lookup_disabled",
      "SIGMA.session_cookie_misuse",
      "SIGMA.session_fixation_protection_disabled",
      "SIGMA.shared_preferences_data_exposure",
      "SIGMA.shell_missing_pipefail",
      "SIGMA.shielded_nodes_disabled",
      "SIGMA.shielded_vm_disabled",
      "SIGMA.socket_accepts_all_origins",
      "SIGMA.ssh_port_exposed",
      "SIGMA.ssh_publicly_accessible",
      "SIGMA.ssl_pinning_disabled",
      "SIGMA.ssrf_with_untrusted_callback",
      "SIGMA.state_changing_get_request",
      "SIGMA.static_iv",
      "SIGMA.static_non_expiring_token",
      "SIGMA.storage_versioning_disabled",
      "SIGMA.stripe_validation_disabled",
      "SIGMA.synchronized_credentials",
      "SIGMA.tag_authorization_disabled",
      "SIGMA.termination_protection_disabled",
      "SIGMA.third_party_trusted",
      "SIGMA.tiller_service_exposed",
      "SIGMA.trace_mode_enabled",
      "SIGMA.trojan_source",
      "SIGMA.unauthenticated_readonly_access",
      "SIGMA.unbounded_occurrences",
      "SIGMA.uncontrolled_search_path",
      "SIGMA.undefined_oauth2_scope",
      "SIGMA.unfettered_resource_loading",
      "SIGMA.unfiltered_html_allowed",
      "SIGMA.unlimited_concurrent_sessions",
      "SIGMA.unprotected_admin_operation",
      "SIGMA.unprotected_master_key",
      "SIGMA.unreliable_root_jailbreak_detection",
      "SIGMA.unrestricted_database_access",
      "SIGMA.unrestricted_egress",
      "SIGMA.unrestricted_ingress",
      "SIGMA.unrestricted_postmessage_target",
      "SIGMA.unsafe_authentication_filter",
      "SIGMA.unsafe_eval",
      "SIGMA.unsafe_file_inclusion",
      "SIGMA.unsafe_http_method",
      "SIGMA.unsafe_innerhtml_manipulation",
      "SIGMA.unsafe_min_os_version",
      "SIGMA.unsafe_min_sdk_version",
      "SIGMA.unsafe_os_command",
      "SIGMA.unsafe_receipt_verification",
      "SIGMA.unsafe_session_storage",
      "SIGMA.unsafe_sms",
      "SIGMA.unsafe_webview_usage",
      "SIGMA.unsafe_xml_canonicalization",
      "SIGMA.unspecified_cipher_transformation",
      "SIGMA.unspecified_software_version",
      "SIGMA.unused_form_bean",
      "SIGMA.unused_security_control",
      "SIGMA.update_command_runs_in_isolation",
      "SIGMA.user_namespace_disabled",
      "SIGMA.vendor_provided_encryption_key",
      "SIGMA.verbose_error_message",
      "SIGMA.verbose_server_banner",
      "SIGMA.view_state_stored_on_client",
      "SIGMA.vulnerable_software",
      "SIGMA.waf_disabled",
      "SIGMA.weak_auth_mechanism",
      "SIGMA.weak_biometric_authentication",
      "SIGMA.weak_hash",
      "SIGMA.weak_password_hash",
      "SIGMA.weak_password_policy",
      "SIGMA.weak_security_constraint",
      "SIGMA.weak_xss_protection",
      "SIGMA.webview_file_access",
      "SIGMA.webview_javascript_enabled",
      "SIGMA.write_using_auxiliary_file",
      "SIGMA.xml_entity_enabled",
      "SIGMA.xml_external_entity_enabled",
      "SIGMA.xss_filter_disabled",
      "SQLI",
      "TAINTED_ENVIRONMENT_WITH_EXECUTION",
      "TRUST_BOUNDARY_VIOLATION",
      "UNENCRYPTED_SENSITIVE_DATA",
      "UNKNOWN_LANGUAGE_INJECTION",
      "UNRESTRICTED_DISPATCH",
      "UNSAFE_DESERIALIZATION",
      "UNSAFE_JNI",
      "UNSAFE_NAMED_QUERY",
      "UNSAFE_REFLECTION",
      "URL_MANIPULATION",
      "XPATH_INJECTION",
      "XSS"
    ],
    "enabled_checker_names_by_language": {
      "DOM_XSS": {
        "unsupported": [
          "Text",
          "Visual Basic"
        ]
      },
      "EL_INJECTION": {
        "unsupported": [
          "Text",
          "Visual Basic"
        ]
      },
      "HEADER_INJECTION": {
        "unsupported": [
          "Text",
          "Visual Basic"
        ]
      },
      "JAVA_CODE_INJECTION": {
        "unsupported": [
          "Text",
          "Visual Basic"
        ]
      },
      "JCR_INJECTION": {
        "unsupported": [
          "Text",
          "Visual Basic"
        ]
      },
      "LDAP_INJECTION": {
        "unsupported": [
          "Text",
          "Visual Basic"
        ]
      },
      "NOSQL_QUERY_INJECTION": {
        "unsupported": [
          "Text",
          "Visual Basic"
        ]
      },
      "OGNL_INJECTION": {
        "unsupported": [
          "Text",
          "Visual Basic"
        ]
      },
      "OPEN_REDIRECT": {
        "unsupported": [
          "Text",
          "Visual Basic"
        ]
      },
      "OS_CMD_INJECTION": {
        "unsupported": [
          "Text",
          "Visual Basic"
        ]
      },
      "PATH_MANIPULATION": {
        "unsupported": [
          "Text",
          "Visual Basic"
        ]
      },
      "REGEX_INJECTION": {
        "unsupported": [
          "Text",
          "Visual Basic"
        ]
      },
      "SCRIPT_CODE_INJECTION": {
        "unsupported": [
          "Text",
          "Visual Basic"
        ]
      },
      "SENSITIVE_DATA_LEAK": {
        "unsupported": [
          "Text",
          "Visual Basic"
        ]
      },
      "SESSION_FIXATION": {
        "unsupported": [
          "Text",
          "Visual Basic"
        ]
      },
      "SIGMA.access_control_disabled": {
        "enabled": [
          "Text"
        ],
        "unsupported": [
          "Visual Basic"
        ]
      },
      "SIGMA.access_to_secret": {
        "enabled": [
          "Text"
        ],
        "unsupported": [
          "Visual Basic"
        ]
      },
      "SIGMA.admin_access_enabled": {
        "enabled": [
          "Text"
        ],
        "unsupported": [
          "Visual Basic"
        ]
      },
      "SIGMA.admin_dashboard_publicly_accessible": {
        "enabled": [
          "Text"
        ],
        "unsupported": [
          "Visual Basic"
        ]
      },
      "SIGMA.alias_ip_disabled": {
        "unsupported": [
          "Text",
          "Visual Basic"
        ]
      },
      "SIGMA.allow_all_authz_policy": {
        "enabled": [
          "Text"
        ],
        "unsupported": [
          "Visual Basic"
        ]
      },
      "SIGMA.allow_non_strict_processing": {
        "enabled": [
          "Text"
        ],
        "unsupported": [
          "Visual Basic"
        ]
      },
      "SIGMA.allow_self_signed_certificate": {
        "enabled": [
          "Text"
        ],
        "unsupported": [
          "Visual Basic"
        ]
      },
      "SIGMA.always_remember_me_enabled": {
        "enabled": [
          "Text"
        ],
        "unsupported": [
          "Visual Basic"
        ]
      },
      "SIGMA.anonymous_access_enabled": {
        "enabled": [
          "Text"
        ],
        "unsupported": [
          "Visual Basic"
        ]
      },
      "SIGMA.anti_spoofing_disabled": {
        "enabled": [
          "Text"
        ],
        "unsupported": [
          "Visual Basic"
        ]
      },
      "SIGMA.api_exposes_refresh_token": {
        "enabled": [
          "Text"
        ],
        "unsupported": [
          "Visual Basic"
        ]
      },
      "SIGMA.api_key_auth_enabled": {
        "enabled": [
          "Text"
        ],
        "unsupported": [
          "Visual Basic"
        ]
      },
      "SIGMA.api_key_in_query_string": {
        "enabled": [
          "Text"
        ],
        "unsupported": [
          "Visual Basic"
        ]
      },
      "SIGMA.apparmour_default_configuration_override": {
        "enabled": [
          "Text"
        ],
        "unsupported": [
          "Visual Basic"
        ]
      },
      "SIGMA.audio_recording_enabled": {
        "enabled": [
          "Text"
        ],
        "unsupported": [
          "Visual Basic"
        ]
      },
      "SIGMA.automatic_key_rotation_disabled": {
        "enabled": [
          "Text"
        ],
        "unsupported": [
          "Visual Basic"
        ]
      },
      "SIGMA.automatic_os_upgrade_disabled": {
        "enabled": [
          "Text"
        ],
        "unsupported": [
          "Visual Basic"
        ]
      },
      "SIGMA.automatic_repair_disabled": {
        "enabled": [
          "Text"
        ],
        "unsupported": [
          "Visual Basic"
        ]
      },
      "SIGMA.automatic_upgrade_disabled": {
        "enabled": [
          "Text"
        ],
        "unsupported": [
          "Visual Basic"
        ]
      },
      "SIGMA.automounting_service_account_token": {
        "enabled": [
          "Text"
        ],
        "unsupported": [
          "Visual Basic"
        ]
      },
      "SIGMA.azure_ad_authentication_disabled": {
        "enabled": [
          "Text"
        ],
        "unsupported": [
          "Visual Basic"
        ]
      },
      "SIGMA.azure_ad_managed_identities_disabled": {
        "enabled": [
          "Text"
        ],
        "unsupported": [
          "Visual Basic"
        ]
      },
      "SIGMA.backups_allowed": {
        "enabled": [
          "Text"
        ],
        "unsupported": [
          "Visual Basic"
        ]
      },
      "SIGMA.basic_auth_enabled": {
        "enabled": [
          "Text"
        ],
        "unsupported": [
          "Visual Basic"
        ]
      },
      "SIGMA.biometric_authentication_protection_disabled": {
        "unsupported": [
          "Text",
          "Visual Basic"
        ]
      },
      "SIGMA.broad_domain_attribute_cookie": {
        "enabled": [
          "Text"
        ],
        "unsupported": [
          "Visual Basic"
        ]
      },
      "SIGMA.broad_filesystem_access": {
        "enabled": [
          "Text"
        ],
        "unsupported": [
          "Visual Basic"
        ]
      },
      "SIGMA.cache_ttl_too_long": {
        "enabled": [
          "Text"
        ],
        "unsupported": [
          "Visual Basic"
        ]
      },
      "SIGMA.cbc_insecure_padding": {
        "unsupported": [
          "Text",
          "Visual Basic"
        ]
      },
      "SIGMA.certificate_rotation_disabled": {
        "enabled": [
          "Text"
        ],
        "unsupported": [
          "Visual Basic"
        ]
      },
      "SIGMA.certificate_verification_disabled": {
        "enabled": [
          "Text"
        ],
        "unsupported": [
          "Visual Basic"
        ]
      },
      "SIGMA.circuit_breaker_disabled": {
        "unsupported": [
          "Text",
          "Visual Basic"
        ]
      },
      "SIGMA.client_store_info_leak": {
        "unsupported": [
          "Text",
          "Visual Basic"
        ]
      },
      "SIGMA.cloud_database_deletion_protection_disabled": {
        "enabled": [
          "Text"
        ],
        "unsupported": [
          "Visual Basic"
        ]
      },
      "SIGMA.cloud_gateway_publicly_accessible": {
        "enabled": [
          "Text"
        ],
        "unsupported": [
          "Visual Basic"
        ]
      },
      "SIGMA.cloud_object_lock_disabled": {
        "unsupported": [
          "Text",
          "Visual Basic"
        ]
      },
      "SIGMA.cloud_resource_assigned_public_ip": {
        "enabled": [
          "Text"
        ],
        "unsupported": [
          "Visual Basic"
        ]
      },
      "SIGMA.cloud_resource_publicly_accessible": {
        "enabled": [
          "Text"
        ],
        "unsupported": [
          "Visual Basic"
        ]
      },
      "SIGMA.cloud_service_authn_disabled": {
        "enabled": [
          "Text"
        ],
        "unsupported": [
          "Visual Basic"
        ]
      },
      "SIGMA.cloud_service_authz_disabled": {
        "enabled": [
          "Text"
        ],
        "unsupported": [
          "Visual Basic"
        ]
      },
      "SIGMA.cloud_storage_allows_public_config": {
        "enabled": [
          "Text"
        ],
        "unsupported": [
          "Visual Basic"
        ]
      },
      "SIGMA.cloud_storage_default_allow_all": {
        "enabled": [
          "Text"
        ],
        "unsupported": [
          "Visual Basic"
        ]
      },
      "SIGMA.cloud_storage_encryption_disabled": {
        "enabled": [
          "Text"
        ],
        "unsupported": [
          "Visual Basic"
        ]
      },
      "SIGMA.cloud_storage_publicly_accessible": {
        "enabled": [
          "Text"
        ],
        "unsupported": [
          "Visual Basic"
        ]
      },
      "SIGMA.confidential_computing_disabled": {
        "enabled": [
          "Text"
        ],
        "unsupported": [
          "Visual Basic"
        ]
      },
      "SIGMA.config_browser_plugin_enabled": {
        "enabled": [
          "Text"
        ],
        "unsupported": [
          "Visual Basic"
        ]
      },
      "SIGMA.conflicting_names": {
        "enabled": [
          "Text"
        ],
        "unsupported": [
          "Visual Basic"
        ]
      },
      "SIGMA.connection_timeout_disabled": {
        "enabled": [
          "Text"
        ],
        "unsupported": [
          "Visual Basic"
        ]
      },
      "SIGMA.container_access_to_host_filesystem": {
        "enabled": [
          "Text"
        ],
        "unsupported": [
          "Visual Basic"
        ]
      },
      "SIGMA.container_cpu_share_unlimited": {
        "disabled": [
          "Text"
        ],
        "unsupported": [
          "Visual Basic"
        ]
      },
      "SIGMA.container_daemon_socket_exposed": {
        "enabled": [
          "Text"
        ],
        "unsupported": [
          "Visual Basic"
        ]
      },
      "SIGMA.container_empty_security_context": {
        "enabled": [
          "Text"
        ],
        "unsupported": [
          "Visual Basic"
        ]
      },
      "SIGMA.container_excessive_restart_times": {
        "disabled": [
          "Text"
        ],
        "unsupported": [
          "Visual Basic"
        ]
      },
      "SIGMA.container_filesystem_write": {
        "enabled": [
          "Text"
        ],
        "unsupported": [
          "Visual Basic"
        ]
      },
      "SIGMA.container_hostport_binding": {
        "enabled": [
          "Text"
        ],
        "unsupported": [
          "Visual Basic"
        ]
      },
      "SIGMA.container_insecure_bind_address": {
        "enabled": [
          "Text"
        ],
        "unsupported": [
          "Visual Basic"
        ]
      },
      "SIGMA.container_mapped_to_privileged_port": {
        "enabled": [
          "Text"
        ],
        "unsupported": [
          "Visual Basic"
        ]
      },
      "SIGMA.container_missing_cpu_limit": {
        "enabled": [
          "Text"
        ],
        "unsupported": [
          "Visual Basic"
        ]
      },
      "SIGMA.container_missing_memory_limit": {
        "enabled": [
          "Text"
        ],
        "unsupported": [
          "Visual Basic"
        ]
      },
      "SIGMA.container_missing_pids_limit": {
        "disabled": [
          "Text"
        ],
        "unsupported": [
          "Visual Basic"
        ]
      },
      "SIGMA.container_privilege_escalation_allowed": {
        "enabled": [
          "Text"
        ],
        "unsupported": [
          "Visual Basic"
        ]
      },
      "SIGMA.container_requesting_net_raw": {
        "enabled": [
          "Text"
        ],
        "unsupported": [
          "Visual Basic"
        ]
      },
      "SIGMA.container_requesting_sys_admin": {
        "enabled": [
          "Text"
        ],
        "unsupported": [
          "Visual Basic"
        ]
      },
      "SIGMA.container_running_as_root": {
        "enabled": [
          "Text"
        ],
        "unsupported": [
          "Visual Basic"
        ]
      },
      "SIGMA.container_sharing_host_ipc_namespace": {
        "enabled": [
          "Text"
        ],
        "unsupported": [
          "Visual Basic"
        ]
      },
      "SIGMA.container_sharing_host_network_namespace": {
        "enabled": [
          "Text"
        ],
        "unsupported": [
          "Visual Basic"
        ]
      },
      "SIGMA.container_sharing_host_pid_namespace": {
        "enabled": [
          "Text"
        ],
        "unsupported": [
          "Visual Basic"
        ]
      },
      "SIGMA.container_sharing_mount_volumes": {
        "enabled": [
          "Text"
        ],
        "unsupported": [
          "Visual Basic"
        ]
      },
      "SIGMA.container_storing_secret_in_environment_variable": {
        "enabled": [
          "Text"
        ],
        "unsupported": [
          "Visual Basic"
        ]
      },
      "SIGMA.container_sudo_usage": {
        "enabled": [
          "Text"
        ],
        "unsupported": [
          "Visual Basic"
        ]
      },
      "SIGMA.content_isolation_disabled": {
        "unsupported": [
          "Text",
          "Visual Basic"
        ]
      },
      "SIGMA.content_security_policy_disabled": {
        "unsupported": [
          "Text",
          "Visual Basic"
        ]
      },
      "SIGMA.cookie_logging_enabled": {
        "enabled": [
          "Text"
        ],
        "unsupported": [
          "Visual Basic"
        ]
      },
      "SIGMA.cookie_session_signing_disabled": {
        "unsupported": [
          "Text",
          "Visual Basic"
        ]
      },
      "SIGMA.cors_configured_globally": {
        "unsupported": [
          "Text",
          "Visual Basic"
        ]
      },
      "SIGMA.cors_no_credentials_permissive_origin": {
        "enabled": [
          "Text"
        ],
        "unsupported": [
          "Visual Basic"
        ]
      },
      "SIGMA.cors_origin_string": {
        "unsupported": [
          "Text",
          "Visual Basic"
        ]
      },
      "SIGMA.cors_preflight_age_too_long": {
        "enabled": [
          "Text"
        ],
        "unsupported": [
          "Visual Basic"
        ]
      },
      "SIGMA.cors_with_credentials_all_origin": {
        "enabled": [
          "Text"
        ],
        "unsupported": [
          "Visual Basic"
        ]
      },
      "SIGMA.cors_with_credentials_http_origin": {
        "enabled": [
          "Text"
        ],
        "unsupported": [
          "Visual Basic"
        ]
      },
      "SIGMA.cors_with_credentials_null_origin": {
        "enabled": [
          "Text"
        ],
        "unsupported": [
          "Visual Basic"
        ]
      },
      "SIGMA.cors_with_credentials_subdomain_origin": {
        "enabled": [
          "Text"
        ],
        "unsupported": [
          "Visual Basic"
        ]
      },
      "SIGMA.credentials_validation_disabled": {
        "unsupported": [
          "Text",
          "Visual Basic"
        ]
      },
      "SIGMA.credentials_without_keychain_protection": {
        "unsupported": [
          "Text",
          "Visual Basic"
        ]
      },
      "SIGMA.csp_frame_ancestors_disabled": {
        "enabled": [
          "Text"
        ],
        "unsupported": [
          "Visual Basic"
        ]
      },
      "SIGMA.csp_mixed_content": {
        "enabled": [
          "Text"
        ],
        "unsupported": [
          "Visual Basic"
        ]
      },
      "SIGMA.csp_permissive_source": {
        "enabled": [
          "Text"
        ],
        "unsupported": [
          "Visual Basic"
        ]
      },
      "SIGMA.csp_unsafe_eval": {
        "enabled": [
          "Text"
        ],
        "unsupported": [
          "Visual Basic"
        ]
      },
      "SIGMA.csp_unsafe_inline": {
        "enabled": [
          "Text"
        ],
        "unsupported": [
          "Visual Basic"
        ]
      },
      "SIGMA.csrf": {
        "enabled": [
          "Text"
        ],
        "unsupported": [
          "Visual Basic"
        ]
      },
      "SIGMA.csrf_protection_disabled": {
        "enabled": [
          "Text"
        ],
        "unsupported": [
          "Visual Basic"
        ]
      },
      "SIGMA.custom_cryptography": {
        "unsupported": [
          "Text",
          "Visual Basic"
        ]
      },
      "SIGMA.custom_keyboards_enabled": {
        "unsupported": [
          "Text",
          "Visual Basic"
        ]
      },
      "SIGMA.custom_resource_in_default_namespace": {
        "enabled": [
          "Text"
        ],
        "unsupported": [
          "Visual Basic"
        ]
      },
      "SIGMA.dangerous_oauth2_implicit_flow": {
        "enabled": [
          "Text"
        ],
        "unsupported": [
          "Visual Basic"
        ]
      },
      "SIGMA.dangerous_ropc_flow": {
        "enabled": [
          "Text"
        ],
        "unsupported": [
          "Visual Basic"
        ]
      },
      "SIGMA.dangerously_exposed_interface": {
        "unsupported": [
          "Text",
          "Visual Basic"
        ]
      },
      "SIGMA.data_exfiltration_protection_disabled": {
        "enabled": [
          "Text"
        ],
        "unsupported": [
          "Visual Basic"
        ]
      },
      "SIGMA.data_mask_obfuscation_disabled": {
        "unsupported": [
          "Text",
          "Visual Basic"
        ]
      },
      "SIGMA.data_sent_to_external_server": {
        "enabled": [
          "Text"
        ],
        "unsupported": [
          "Visual Basic"
        ]
      },
      "SIGMA.database_encryption_disabled": {
        "enabled": [
          "Text"
        ],
        "unsupported": [
          "Visual Basic"
        ]
      },
      "SIGMA.database_integrity_protection_disabled": {
        "enabled": [
          "Text"
        ],
        "unsupported": [
          "Visual Basic"
        ]
      },
      "SIGMA.database_repair_mode_enabled": {
        "unsupported": [
          "Text",
          "Visual Basic"
        ]
      },
      "SIGMA.ddos_protection_disabled": {
        "unsupported": [
          "Text",
          "Visual Basic"
        ]
      },
      "SIGMA.debug_enabled": {
        "enabled": [
          "Text"
        ],
        "unsupported": [
          "Visual Basic"
        ]
      },
      "SIGMA.debug_logging_enabled": {
        "enabled": [
          "Text"
        ],
        "unsupported": [
          "Visual Basic"
        ]
      },
      "SIGMA.default_allow_all_authz_policy": {
        "enabled": [
          "Text"
        ],
        "unsupported": [
          "Visual Basic"
        ]
      },
      "SIGMA.default_service_account_enabled": {
        "enabled": [
          "Text"
        ],
        "unsupported": [
          "Visual Basic"
        ]
      },
      "SIGMA.deletion_protection_disabled": {
        "enabled": [
          "Text"
        ],
        "unsupported": [
          "Visual Basic"
        ]
      },
      "SIGMA.deprecated_component_used": {
        "unsupported": [
          "Text",
          "Visual Basic"
        ]
      },
      "SIGMA.deprecated_http_client": {
        "unsupported": [
          "Text",
          "Visual Basic"
        ]
      },
      "SIGMA.deprecated_runtime_version": {
        "enabled": [
          "Text"
        ],
        "unsupported": [
          "Visual Basic"
        ]
      },
      "SIGMA.deprecated_xss_header": {
        "enabled": [
          "Text"
        ],
        "unsupported": [
          "Visual Basic"
        ]
      },
      "SIGMA.dev_mode_enabled": {
        "enabled": [
          "Text"
        ],
        "unsupported": [
          "Visual Basic"
        ]
      },
      "SIGMA.digest_auth_enabled": {
        "unsupported": [
          "Text",
          "Visual Basic"
        ]
      },
      "SIGMA.disk_encryption_disabled": {
        "enabled": [
          "Text"
        ],
        "unsupported": [
          "Visual Basic"
        ]
      },
      "SIGMA.dns_prefetch_control_disabled": {
        "unsupported": [
          "Text",
          "Visual Basic"
        ]
      },
      "SIGMA.dnssec_disabled": {
        "enabled": [
          "Text"
        ],
        "unsupported": [
          "Visual Basic"
        ]
      },
      "SIGMA.drop_invalid_header_disabled": {
        "enabled": [
          "Text"
        ],
        "unsupported": [
          "Visual Basic"
        ]
      },
      "SIGMA.duplicate_validation_forms": {
        "enabled": [
          "Text"
        ],
        "unsupported": [
          "Visual Basic"
        ]
      },
      "SIGMA.dynamic_method_invocation": {
        "enabled": [
          "Text"
        ],
        "unsupported": [
          "Visual Basic"
        ]
      },
      "SIGMA.dynamically_loading_extensions_enabled": {
        "enabled": [
          "Text"
        ],
        "unsupported": [
          "Visual Basic"
        ]
      },
      "SIGMA.el_injection": {
        "unsupported": [
          "Text",
          "Visual Basic"
        ]
      },
      "SIGMA.element_any": {
        "enabled": [
          "Text"
        ],
        "unsupported": [
          "Visual Basic"
        ]
      },
      "SIGMA.empty_encryption_key": {
        "unsupported": [
          "Text",
          "Visual Basic"
        ]
      },
      "SIGMA.empty_password": {
        "unsupported": [
          "Text",
          "Visual Basic"
        ]
      },
      "SIGMA.empty_salt": {
        "unsupported": [
          "Text",
          "Visual Basic"
        ]
      },
      "SIGMA.empty_signing_key": {
        "unsupported": [
          "Text",
          "Visual Basic"
        ]
      },
      "SIGMA.encryption_disabled": {
        "enabled": [
          "Text"
        ],
        "unsupported": [
          "Visual Basic"
        ]
      },
      "SIGMA.excessive_auth_attempts": {
        "unsupported": [
          "Text",
          "Visual Basic"
        ]
      },
      "SIGMA.excessive_connection_timeout": {
        "unsupported": [
          "Text",
          "Visual Basic"
        ]
      },
      "SIGMA.excessive_http_buffer_size": {
        "enabled": [
          "Text"
        ],
        "unsupported": [
          "Visual Basic"
        ]
      },
      "SIGMA.excessive_ingress": {
        "disabled": [
          "Text"
        ],
        "unsupported": [
          "Visual Basic"
        ]
      },
      "SIGMA.excessive_key_rotation_period": {
        "enabled": [
          "Text"
        ],
        "unsupported": [
          "Visual Basic"
        ]
      },
      "SIGMA.excessive_memory_limit": {
        "enabled": [
          "Text"
        ],
        "unsupported": [
          "Visual Basic"
        ]
      },
      "SIGMA.excessive_request_retries": {
        "unsupported": [
          "Text",
          "Visual Basic"
        ]
      },
      "SIGMA.excessive_request_size": {
        "enabled": [
          "Text"
        ],
        "unsupported": [
          "Visual Basic"
        ]
      },
      "SIGMA.excessive_session_lifetime": {
        "enabled": [
          "Text"
        ],
        "unsupported": [
          "Visual Basic"
        ]
      },
      "SIGMA.excessive_token_lifetime": {
        "enabled": [
          "Text"
        ],
        "unsupported": [
          "Visual Basic"
        ]
      },
      "SIGMA.excessive_ttl": {
        "unsupported": [
          "Text",
          "Visual Basic"
        ]
      },
      "SIGMA.expect_ct_disabled": {
        "unsupported": [
          "Text",
          "Visual Basic"
        ]
      },
      "SIGMA.experimental_features_enabled": {
        "unsupported": [
          "Text",
          "Visual Basic"
        ]
      },
      "SIGMA.exposed_directory_listing": {
        "enabled": [
          "Text"
        ],
        "unsupported": [
          "Visual Basic"
        ]
      },
      "SIGMA.exposed_privileged_account": {
        "enabled": [
          "Text"
        ],
        "unsupported": [
          "Visual Basic"
        ]
      },
      "SIGMA.exposed_secret": {
        "enabled": [
          "Text",
          "Visual Basic"
        ]
      },
      "SIGMA.expression_escaping_disabled": {
        "enabled": [
          "Text"
        ],
        "unsupported": [
          "Visual Basic"
        ]
      },
      "SIGMA.external_storage_used": {
        "unsupported": [
          "Text",
          "Visual Basic"
        ]
      },
      "SIGMA.file_data_unprotected_on_device": {
        "unsupported": [
          "Text",
          "Visual Basic"
        ]
      },
      "SIGMA.file_header_crc_disabled": {
        "unsupported": [
          "Text",
          "Visual Basic"
        ]
      },
      "SIGMA.file_upload_misconfiguration": {
        "enabled": [
          "Text"
        ],
        "unsupported": [
          "Visual Basic"
        ]
      },
      "SIGMA.file_upload_misconfiguration_of_fields": {
        "enabled": [
          "Text"
        ],
        "unsupported": [
          "Visual Basic"
        ]
      },
      "SIGMA.file_upload_misconfiguration_of_file_path": {
        "unsupported": [
          "Text",
          "Visual Basic"
        ]
      },
      "SIGMA.file_upload_misconfiguration_of_filesize": {
        "enabled": [
          "Text"
        ],
        "unsupported": [
          "Visual Basic"
        ]
      },
      "SIGMA.file_upload_misconfiguration_of_safe_file_names": {
        "unsupported": [
          "Text",
          "Visual Basic"
        ]
      },
      "SIGMA.file_upload_misconfiguration_of_storage": {
        "enabled": [
          "Text"
        ],
        "unsupported": [
          "Visual Basic"
        ]
      },
      "SIGMA.file_upload_misconfiguration_of_temp_files": {
        "unsupported": [
          "Text",
          "Visual Basic"
        ]
      },
      "SIGMA.full_table_scan": {
        "unsupported": [
          "Text",
          "Visual Basic"
        ]
      },
      "SIGMA.gateway_exposes_all_hosts": {
        "enabled": [
          "Text"
        ],
        "unsupported": [
          "Visual Basic"
        ]
      },
      "SIGMA.general_pasteboard_used": {
        "unsupported": [
          "Text",
          "Visual Basic"
        ]
      },
      "SIGMA.geo_redundant_backup_disabled": {
        "enabled": [
          "Text"
        ],
        "unsupported": [
          "Visual Basic"
        ]
      },
      "SIGMA.graphiql_enabled": {
        "enabled": [
          "Text"
        ],
        "unsupported": [
          "Visual Basic"
        ]
      },
      "SIGMA.hardcoded_remember_me_key": {
        "enabled": [
          "Text"
        ],
        "unsupported": [
          "Visual Basic"
        ]
      },
      "SIGMA.hardcoded_secret": {
        "enabled": [
          "Text",
          "Visual Basic"
        ]
      },
      "SIGMA.hardcoded_value": {
        "unsupported": [
          "Text",
          "Visual Basic"
        ]
      },
      "SIGMA.hardware_backed_security_disabled": {
        "unsupported": [
          "Text",
          "Visual Basic"
        ]
      },
      "SIGMA.healthcheck_disabled": {
        "enabled": [
          "Text"
        ],
        "unsupported": [
          "Visual Basic"
        ]
      },
      "SIGMA.hide_powered_by_disabled": {
        "unsupported": [
          "Text",
          "Visual Basic"
        ]
      },
      "SIGMA.host_header_validation_disabled": {
        "unsupported": [
          "Text",
          "Visual Basic"
        ]
      },
      "SIGMA.hpkp_max_age_too_long": {
        "enabled": [
          "Text"
        ],
        "unsupported": [
          "Visual Basic"
        ]
      },
      "SIGMA.hpkp_report_uri_missing_tls": {
        "enabled": [
          "Text"
        ],
        "unsupported": [
          "Visual Basic"
        ]
      },
      "SIGMA.hsts_disabled": {
        "enabled": [
          "Text"
        ],
        "unsupported": [
          "Visual Basic"
        ]
      },
      "SIGMA.hsts_http_header_short_max_age": {
        "enabled": [
          "Text"
        ],
        "unsupported": [
          "Visual Basic"
        ]
      },
      "SIGMA.hsts_http_header_subdomains_disabled": {
        "enabled": [
          "Text"
        ],
        "unsupported": [
          "Visual Basic"
        ]
      },
      "SIGMA.http_firewall_allow_any_http_method": {
        "enabled": [
          "Text"
        ],
        "unsupported": [
          "Visual Basic"
        ]
      },
      "SIGMA.http_firewall_allows_special_char": {
        "enabled": [
          "Text"
        ],
        "unsupported": [
          "Visual Basic"
        ]
      },
      "SIGMA.http_firewall_insecure_default": {
        "enabled": [
          "Text"
        ],
        "unsupported": [
          "Visual Basic"
        ]
      },
      "SIGMA.http_header_validation_disabled": {
        "enabled": [
          "Text"
        ],
        "unsupported": [
          "Visual Basic"
        ]
      },
      "SIGMA.http_method_missing_authz": {
        "enabled": [
          "Text"
        ],
        "unsupported": [
          "Visual Basic"
        ]
      },
      "SIGMA.http_verb_tampering_method_inclusion": {
        "enabled": [
          "Text"
        ],
        "unsupported": [
          "Visual Basic"
        ]
      },
      "SIGMA.http_verb_tampering_method_omission": {
        "enabled": [
          "Text"
        ],
        "unsupported": [
          "Visual Basic"
        ]
      },
      "SIGMA.ie_no_open_disabled": {
        "unsupported": [
          "Text",
          "Visual Basic"
        ]
      },
      "SIGMA.image_scanning_disabled": {
        "enabled": [
          "Text"
        ],
        "unsupported": [
          "Visual Basic"
        ]
      },
      "SIGMA.immutable_tag_disabled": {
        "enabled": [
          "Text"
        ],
        "unsupported": [
          "Visual Basic"
        ]
      },
      "SIGMA.improper_use_of_add_command": {
        "enabled": [
          "Text"
        ],
        "unsupported": [
          "Visual Basic"
        ]
      },
      "SIGMA.improper_use_of_symmetric_cryptography": {
        "enabled": [
          "Text"
        ],
        "unsupported": [
          "Visual Basic"
        ]
      },
      "SIGMA.incomplete_credential_removal": {
        "unsupported": [
          "Text",
          "Visual Basic"
        ]
      },
      "SIGMA.infrastructure_encryption_disabled": {
        "enabled": [
          "Text"
        ],
        "unsupported": [
          "Visual Basic"
        ]
      },
      "SIGMA.insecure_active_user_switch": {
        "unsupported": [
          "Text",
          "Visual Basic"
        ]
      },
      "SIGMA.insecure_argon2_parameters": {
        "unsupported": [
          "Text",
          "Visual Basic"
        ]
      },
      "SIGMA.insecure_block_cipher_algorithm": {
        "enabled": [
          "Text"
        ],
        "unsupported": [
          "Visual Basic"
        ]
      },
      "SIGMA.insecure_block_cipher_mode": {
        "enabled": [
          "Text"
        ],
        "unsupported": [
          "Visual Basic"
        ]
      },
      "SIGMA.insecure_cipher": {
        "unsupported": [
          "Text",
          "Visual Basic"
        ]
      },
      "SIGMA.insecure_cookie_storage": {
        "unsupported": [
          "Text",
          "Visual Basic"
        ]
      },
      "SIGMA.insecure_credential_use": {
        "unsupported": [
          "Text",
          "Visual Basic"
        ]
      },
      "SIGMA.insecure_dataframe": {
        "unsupported": [
          "Text",
          "Visual Basic"
        ]
      },
      "SIGMA.insecure_direct_object_reference": {
        "enabled": [
          "Text"
        ],
        "unsupported": [
          "Visual Basic"
        ]
      },
      "SIGMA.insecure_file_permission": {
        "enabled": [
          "Text"
        ],
        "unsupported": [
          "Visual Basic"
        ]
      },
      "SIGMA.insecure_iframe_sandbox": {
        "enabled": [
          "Text"
        ],
        "unsupported": [
          "Visual Basic"
        ]
      },
      "SIGMA.insecure_ipc": {
        "unsupported": [
          "Text",
          "Visual Basic"
        ]
      },
      "SIGMA.insecure_network_bind": {
        "enabled": [
          "Text"
        ],
        "unsupported": [
          "Visual Basic"
        ]
      },
      "SIGMA.insecure_permission_on_exported_component": {
        "enabled": [
          "Text"
        ],
        "unsupported": [
          "Visual Basic"
        ]
      },
      "SIGMA.insecure_random": {
        "unsupported": [
          "Text",
          "Visual Basic"
        ]
      },
      "SIGMA.insecure_random_seed": {
        "unsupported": [
          "Text",
          "Visual Basic"
        ]
      },
      "SIGMA.insecure_referrer_policy": {
        "enabled": [
          "Text"
        ],
        "unsupported": [
          "Visual Basic"
        ]
      },
      "SIGMA.insecure_samesite_attribute_cookie": {
        "enabled": [
          "Text"
        ],
        "unsupported": [
          "Visual Basic"
        ]
      },
      "SIGMA.insecure_stream_cipher_algorithm": {
        "unsupported": [
          "Text",
          "Visual Basic"
        ]
      },
      "SIGMA.insecure_temporary_file": {
        "unsupported": [
          "Text",
          "Visual Basic"
        ]
      },
      "SIGMA.insecure_tls_cipher_suite": {
        "enabled": [
          "Text"
        ],
        "unsupported": [
          "Visual Basic"
        ]
      },
      "SIGMA.insecure_tls_renegotiation": {
        "unsupported": [
          "Text",
          "Visual Basic"
        ]
      },
      "SIGMA.insecure_tls_version": {
        "enabled": [
          "Text"
        ],
        "unsupported": [
          "Visual Basic"
        ]
      },
      "SIGMA.insecure_xss_filter": {
        "unsupported": [
          "Text",
          "Visual Basic"
        ]
      },
      "SIGMA.insufficient_asymmetric_key_size": {
        "unsupported": [
          "Text",
          "Visual Basic"
        ]
      },
      "SIGMA.insufficient_brute_force_protection": {
        "enabled": [
          "Text"
        ],
        "unsupported": [
          "Visual Basic"
        ]
      },
      "SIGMA.insufficient_log_retention": {
        "enabled": [
          "Text"
        ],
        "unsupported": [
          "Visual Basic"
        ]
      },
      "SIGMA.insufficient_logging": {
        "enabled": [
          "Text"
        ],
        "unsupported": [
          "Visual Basic"
        ]
      },
      "SIGMA.insufficient_password_hash_iterations": {
        "enabled": [
          "Text"
        ],
        "unsupported": [
          "Visual Basic"
        ]
      },
      "SIGMA.insufficient_password_hash_key_length": {
        "enabled": [
          "Text"
        ],
        "unsupported": [
          "Visual Basic"
        ]
      },
      "SIGMA.insufficient_password_hash_salt_length": {
        "unsupported": [
          "Text",
          "Visual Basic"
        ]
      },
      "SIGMA.insufficient_presigned_url_timeout": {
        "unsupported": [
          "Text",
          "Visual Basic"
        ]
      },
      "SIGMA.insufficient_soft_delete_retention": {
        "enabled": [
          "Text"
        ],
        "unsupported": [
          "Visual Basic"
        ]
      },
      "SIGMA.insufficient_symmetric_key_size": {
        "unsupported": [
          "Text",
          "Visual Basic"
        ]
      },
      "SIGMA.insufficient_token_entropy": {
        "unsupported": [
          "Text",
          "Visual Basic"
        ]
      },
      "SIGMA.introspection_enabled": {
        "enabled": [
          "Text"
        ],
        "unsupported": [
          "Visual Basic"
        ]
      },
      "SIGMA.invalid_command_used": {
        "disabled": [
          "Text"
        ],
        "unsupported": [
          "Visual Basic"
        ]
      },
      "SIGMA.ip_forwarding_enabled": {
        "enabled": [
          "Text"
        ],
        "unsupported": [
          "Visual Basic"
        ]
      },
      "SIGMA.iptable_synchronization_disabled": {
        "enabled": [
          "Text"
        ],
        "unsupported": [
          "Visual Basic"
        ]
      },
      "SIGMA.javascript_code_in_description": {
        "enabled": [
          "Text"
        ],
        "unsupported": [
          "Visual Basic"
        ]
      },
      "SIGMA.jwt_algorithm_none": {
        "enabled": [
          "Text"
        ],
        "unsupported": [
          "Visual Basic"
        ]
      },
      "SIGMA.jwt_ignored_expiration_time": {
        "unsupported": [
          "Text",
          "Visual Basic"
        ]
      },
      "SIGMA.jwt_ignored_start_time": {
        "unsupported": [
          "Text",
          "Visual Basic"
        ]
      },
      "SIGMA.jwt_no_claims_validation": {
        "unsupported": [
          "Text",
          "Visual Basic"
        ]
      },
      "SIGMA.jwt_non_expiring_token": {
        "unsupported": [
          "Text",
          "Visual Basic"
        ]
      },
      "SIGMA.jwt_revoke_missing": {
        "unsupported": [
          "Text",
          "Visual Basic"
        ]
      },
      "SIGMA.jwt_untrusted_decode": {
        "unsupported": [
          "Text",
          "Visual Basic"
        ]
      },
      "SIGMA.kernel_protection_disabled": {
        "enabled": [
          "Text"
        ],
        "unsupported": [
          "Visual Basic"
        ]
      },
      "SIGMA.keyboard_cache_enabled": {
        "enabled": [
          "Text"
        ],
        "unsupported": [
          "Visual Basic"
        ]
      },
      "SIGMA.keychain_data_unprotected_after_device_powered_on": {
        "unsupported": [
          "Text",
          "Visual Basic"
        ]
      },
      "SIGMA.keychain_data_unprotected_after_first_login": {
        "unsupported": [
          "Text",
          "Visual Basic"
        ]
      },
      "SIGMA.keychain_data_unprotected_passcode_not_set": {
        "unsupported": [
          "Text",
          "Visual Basic"
        ]
      },
      "SIGMA.kms_encryption_service_disabled": {
        "enabled": [
          "Text"
        ],
        "unsupported": [
          "Visual Basic"
        ]
      },
      "SIGMA.kubernetes_dashboard_enabled": {
        "enabled": [
          "Text"
        ],
        "unsupported": [
          "Visual Basic"
        ]
      },
      "SIGMA.ldap_anonymous_authentication": {
        "enabled": [
          "Text"
        ],
        "unsupported": [
          "Visual Basic"
        ]
      },
      "SIGMA.ldap_entry_poisoning": {
        "unsupported": [
          "Text",
          "Visual Basic"
        ]
      },
      "SIGMA.least_privilege_violation": {
        "enabled": [
          "Text"
        ],
        "unsupported": [
          "Visual Basic"
        ]
      },
      "SIGMA.legacy_attribute_based_access_control": {
        "enabled": [
          "Text"
        ],
        "unsupported": [
          "Visual Basic"
        ]
      },
      "SIGMA.local_infile_enabled": {
        "enabled": [
          "Text"
        ],
        "unsupported": [
          "Visual Basic"
        ]
      },
      "SIGMA.location_tracking_enabled": {
        "enabled": [
          "Text"
        ],
        "unsupported": [
          "Visual Basic"
        ]
      },
      "SIGMA.log_file_validation_disabled": {
        "enabled": [
          "Text"
        ],
        "unsupported": [
          "Visual Basic"
        ]
      },
      "SIGMA.log_monitoring_disabled": {
        "enabled": [
          "Text"
        ],
        "unsupported": [
          "Visual Basic"
        ]
      },
      "SIGMA.logging_disabled": {
        "enabled": [
          "Text"
        ],
        "unsupported": [
          "Visual Basic"
        ]
      },
      "SIGMA.logging_request_parameters": {
        "enabled": [
          "Text"
        ],
        "unsupported": [
          "Visual Basic"
        ]
      },
      "SIGMA.login_over_http": {
        "unsupported": [
          "Text",
          "Visual Basic"
        ]
      },
      "SIGMA.lossy_encoding": {
        "unsupported": [
          "Text",
          "Visual Basic"
        ]
      },
      "SIGMA.malicious_url": {
        "enabled": [
          "Text"
        ],
        "unsupported": [
          "Visual Basic"
        ]
      },
      "SIGMA.markdown_allow_dangerous_html": {
        "unsupported": [
          "Text",
          "Visual Basic"
        ]
      },
      "SIGMA.message_encryption_disabled": {
        "enabled": [
          "Text"
        ],
        "unsupported": [
          "Visual Basic"
        ]
      },
      "SIGMA.microservice_authn_disabled": {
        "unsupported": [
          "Text",
          "Visual Basic"
        ]
      },
      "SIGMA.middleware_applied_globally": {
        "unsupported": [
          "Text",
          "Visual Basic"
        ]
      },
      "SIGMA.misconfigured_oauth2": {
        "unsupported": [
          "Text",
          "Visual Basic"
        ]
      },
      "SIGMA.missing_default_response_object": {
        "enabled": [
          "Text"
        ],
        "unsupported": [
          "Visual Basic"
        ]
      },
      "SIGMA.missing_exported_attribute": {
        "enabled": [
          "Text"
        ],
        "unsupported": [
          "Visual Basic"
        ]
      },
      "SIGMA.missing_global_exception_handler": {
        "enabled": [
          "Text"
        ],
        "unsupported": [
          "Visual Basic"
        ]
      },
      "SIGMA.missing_high_availability_support": {
        "enabled": [
          "Text"
        ],
        "unsupported": [
          "Visual Basic"
        ]
      },
      "SIGMA.missing_httponly_attribute": {
        "enabled": [
          "Text"
        ],
        "unsupported": [
          "Visual Basic"
        ]
      },
      "SIGMA.missing_httponly_attribute_csrf_cookie": {
        "unsupported": [
          "Text",
          "Visual Basic"
        ]
      },
      "SIGMA.missing_httponly_attribute_session_cookie": {
        "enabled": [
          "Text"
        ],
        "unsupported": [
          "Visual Basic"
        ]
      },
      "SIGMA.missing_iframe_sandbox": {
        "enabled": [
          "Text"
        ],
        "unsupported": [
          "Visual Basic"
        ]
      },
      "SIGMA.missing_load_balancer": {
        "enabled": [
          "Text"
        ],
        "unsupported": [
          "Visual Basic"
        ]
      },
      "SIGMA.missing_mfa": {
        "enabled": [
          "Text"
        ],
        "unsupported": [
          "Visual Basic"
        ]
      },
      "SIGMA.missing_min_sdk_version": {
        "enabled": [
          "Text"
        ],
        "unsupported": [
          "Visual Basic"
        ]
      },
      "SIGMA.missing_mtls": {
        "enabled": [
          "Text"
        ],
        "unsupported": [
          "Visual Basic"
        ]
      },
      "SIGMA.missing_network_security_policy": {
        "enabled": [
          "Text"
        ],
        "unsupported": [
          "Visual Basic"
        ]
      },
      "SIGMA.missing_perfect_forward_secrecy": {
        "enabled": [
          "Text"
        ],
        "unsupported": [
          "Visual Basic"
        ]
      },
      "SIGMA.missing_permission_on_exported_component": {
        "enabled": [
          "Text"
        ],
        "unsupported": [
          "Visual Basic"
        ]
      },
      "SIGMA.missing_samesite_attribute": {
        "enabled": [
          "Text"
        ],
        "unsupported": [
          "Visual Basic"
        ]
      },
      "SIGMA.missing_samesite_attribute_csrf_cookie": {
        "unsupported": [
          "Text",
          "Visual Basic"
        ]
      },
      "SIGMA.missing_samesite_attribute_session_cookie": {
        "enabled": [
          "Text"
        ],
        "unsupported": [
          "Visual Basic"
        ]
      },
      "SIGMA.missing_secure_attribute": {
        "enabled": [
          "Text"
        ],
        "unsupported": [
          "Visual Basic"
        ]
      },
      "SIGMA.missing_secure_attribute_csrf_cookie": {
        "unsupported": [
          "Text",
          "Visual Basic"
        ]
      },
      "SIGMA.missing_secure_attribute_remember_me_cookie": {
        "enabled": [
          "Text"
        ],
        "unsupported": [
          "Visual Basic"
        ]
      },
      "SIGMA.missing_secure_attribute_session_cookie": {
        "enabled": [
          "Text"
        ],
        "unsupported": [
          "Visual Basic"
        ]
      },
      "SIGMA.missing_security_constraint": {
        "enabled": [
          "Text"
        ],
        "unsupported": [
          "Visual Basic"
        ]
      },
      "SIGMA.missing_servlet_mapping": {
        "enabled": [
          "Text"
        ],
        "unsupported": [
          "Visual Basic"
        ]
      },
      "SIGMA.missing_target_sdk_version": {
        "enabled": [
          "Text"
        ],
        "unsupported": [
          "Visual Basic"
        ]
      },
      "SIGMA.missing_tls": {
        "enabled": [
          "Text"
        ],
        "unsupported": [
          "Visual Basic"
        ]
      },
      "SIGMA.missing_uses_sdk_version": {
        "enabled": [
          "Text"
        ],
        "unsupported": [
          "Visual Basic"
        ]
      },
      "SIGMA.missing_vpc": {
        "enabled": [
          "Text"
        ],
        "unsupported": [
          "Visual Basic"
        ]
      },
      "SIGMA.missing_x_frame_options_header": {
        "unsupported": [
          "Text",
          "Visual Basic"
        ]
      },
      "SIGMA.mixed_content_allowed": {
        "unsupported": [
          "Text",
          "Visual Basic"
        ]
      },
      "SIGMA.multi_region_configuration_aggregation_disabled": {
        "enabled": [
          "Text"
        ],
        "unsupported": [
          "Visual Basic"
        ]
      },
      "SIGMA.multi_region_logging_disabled": {
        "enabled": [
          "Text"
        ],
        "unsupported": [
          "Visual Basic"
        ]
      },
      "SIGMA.no_complexity_limit": {
        "enabled": [
          "Text"
        ],
        "unsupported": [
          "Visual Basic"
        ]
      },
      "SIGMA.no_depth_limit": {
        "enabled": [
          "Text"
        ],
        "unsupported": [
          "Visual Basic"
        ]
      },
      "SIGMA.no_password_change_on_first_login": {
        "enabled": [
          "Text"
        ],
        "unsupported": [
          "Visual Basic"
        ]
      },
      "SIGMA.no_rate_limiting": {
        "enabled": [
          "Text"
        ],
        "unsupported": [
          "Visual Basic"
        ]
      },
      "SIGMA.no_sniff_disabled": {
        "enabled": [
          "Text"
        ],
        "unsupported": [
          "Visual Basic"
        ]
      },
      "SIGMA.non_production_api_endpoint": {
        "enabled": [
          "Text"
        ],
        "unsupported": [
          "Visual Basic"
        ]
      },
      "SIGMA.non_production_route": {
        "enabled": [
          "Text"
        ],
        "unsupported": [
          "Visual Basic"
        ]
      },
      "SIGMA.null_cipher_used": {
        "unsupported": [
          "Text",
          "Visual Basic"
        ]
      },
      "SIGMA.oauth2_pkce_plaintext_challenge": {
        "enabled": [
          "Text"
        ],
        "unsupported": [
          "Visual Basic"
        ]
      },
      "SIGMA.oauth2_scope_in_token_request": {
        "unsupported": [
          "Text",
          "Visual Basic"
        ]
      },
      "SIGMA.open_smtp_relay": {
        "enabled": [
          "Text"
        ],
        "unsupported": [
          "Visual Basic"
        ]
      },
      "SIGMA.optimized_image_not_used": {
        "enabled": [
          "Text"
        ],
        "unsupported": [
          "Visual Basic"
        ]
      },
      "SIGMA.outdated_target_sdk_version": {
        "enabled": [
          "Text"
        ],
        "unsupported": [
          "Visual Basic"
        ]
      },
      "SIGMA.outdated_version_used": {
        "enabled": [
          "Text"
        ],
        "unsupported": [
          "Visual Basic"
        ]
      },
      "SIGMA.overwrite_unintended_variables": {
        "unsupported": [
          "Text",
          "Visual Basic"
        ]
      },
      "SIGMA.parameter_merging_enabled": {
        "unsupported": [
          "Text",
          "Visual Basic"
        ]
      },
      "SIGMA.parameters_validation_disabled": {
        "enabled": [
          "Text"
        ],
        "unsupported": [
          "Visual Basic"
        ]
      },
      "SIGMA.password_change_disallowed": {
        "enabled": [
          "Text"
        ],
        "unsupported": [
          "Visual Basic"
        ]
      },
      "SIGMA.password_change_without_old_password": {
        "enabled": [
          "Text"
        ],
        "unsupported": [
          "Visual Basic"
        ]
      },
      "SIGMA.password_stored_without_hash": {
        "unsupported": [
          "Text",
          "Visual Basic"
        ]
      },
      "SIGMA.permissive_intent_list": {
        "enabled": [
          "Text"
        ],
        "unsupported": [
          "Visual Basic"
        ]
      },
      "SIGMA.permissive_navigation_list": {
        "enabled": [
          "Text"
        ],
        "unsupported": [
          "Visual Basic"
        ]
      },
      "SIGMA.permissive_network_list": {
        "enabled": [
          "Text"
        ],
        "unsupported": [
          "Visual Basic"
        ]
      },
      "SIGMA.permitted_cross_domain_policies_disabled": {
        "unsupported": [
          "Text",
          "Visual Basic"
        ]
      },
      "SIGMA.persistent_cookie": {
        "enabled": [
          "Text"
        ],
        "unsupported": [
          "Visual Basic"
        ]
      },
      "SIGMA.plaintext_storage_sensitive_data": {
        "enabled": [
          "Text"
        ],
        "unsupported": [
          "Visual Basic"
        ]
      },
      "SIGMA.predictable_secret": {
        "unsupported": [
          "Text",
          "Visual Basic"
        ]
      },
      "SIGMA.privileged_connection_allowed": {
        "enabled": [
          "Text"
        ],
        "unsupported": [
          "Visual Basic"
        ]
      },
      "SIGMA.privileged_container_allowed": {
        "enabled": [
          "Text"
        ],
        "unsupported": [
          "Visual Basic"
        ]
      },
      "SIGMA.profiling_enabled": {
        "enabled": [
          "Text"
        ],
        "unsupported": [
          "Visual Basic"
        ]
      },
      "SIGMA.project_encryption_disabled": {
        "enabled": [
          "Text"
        ],
        "unsupported": [
          "Visual Basic"
        ]
      },
      "SIGMA.public_github_repository": {
        "enabled": [
          "Text"
        ],
        "unsupported": [
          "Visual Basic"
        ]
      },
      "SIGMA.publicly_accessible_serial_port_enabled": {
        "enabled": [
          "Text"
        ],
        "unsupported": [
          "Visual Basic"
        ]
      },
      "SIGMA.publicly_writable_directories_used": {
        "unsupported": [
          "Text",
          "Visual Basic"
        ]
      },
      "SIGMA.query_encryption_disabled": {
        "enabled": [
          "Text"
        ],
        "unsupported": [
          "Visual Basic"
        ]
      },
      "SIGMA.query_logging_enabled": {
        "enabled": [
          "Text"
        ],
        "unsupported": [
          "Visual Basic"
        ]
      },
      "SIGMA.referrer_policy_disabled": {
        "unsupported": [
          "Text",
          "Visual Basic"
        ]
      },
      "SIGMA.relative_path": {
        "disabled": [
          "Text"
        ],
        "unsupported": [
          "Visual Basic"
        ]
      },
      "SIGMA.remote_access_via_guest_account": {
        "enabled": [
          "Text"
        ],
        "unsupported": [
          "Visual Basic"
        ]
      },
      "SIGMA.remote_application_enabled": {
        "enabled": [
          "Text"
        ],
        "unsupported": [
          "Visual Basic"
        ]
      },
      "SIGMA.remote_execution_enabled": {
        "enabled": [
          "Text"
        ],
        "unsupported": [
          "Visual Basic"
        ]
      },
      "SIGMA.remote_file_inclusion": {
        "enabled": [
          "Text"
        ],
        "unsupported": [
          "Visual Basic"
        ]
      },
      "SIGMA.request_allows_any_media_type": {
        "enabled": [
          "Text"
        ],
        "unsupported": [
          "Visual Basic"
        ]
      },
      "SIGMA.request_logging_enabled": {
        "enabled": [
          "Text"
        ],
        "unsupported": [
          "Visual Basic"
        ]
      },
      "SIGMA.request_tracing_disabled": {
        "enabled": [
          "Text"
        ],
        "unsupported": [
          "Visual Basic"
        ]
      },
      "SIGMA.request_validation_disabled": {
        "enabled": [
          "Text"
        ],
        "unsupported": [
          "Visual Basic"
        ]
      },
      "SIGMA.response_cache_encryption_disabled": {
        "enabled": [
          "Text"
        ],
        "unsupported": [
          "Visual Basic"
        ]
      },
      "SIGMA.response_cache_used_without_validation": {
        "unsupported": [
          "Text",
          "Visual Basic"
        ]
      },
      "SIGMA.response_caching_enabled": {
        "unsupported": [
          "Text",
          "Visual Basic"
        ]
      },
      "SIGMA.response_logging_enabled": {
        "enabled": [
          "Text"
        ],
        "unsupported": [
          "Visual Basic"
        ]
      },
      "SIGMA.reverse_tabnabbing": {
        "enabled": [
          "Text"
        ],
        "unsupported": [
          "Visual Basic"
        ]
      },
      "SIGMA.root_path_attribute_cookie": {
        "enabled": [
          "Text"
        ],
        "unsupported": [
          "Visual Basic"
        ]
      },
      "SIGMA.rsa_no_padding": {
        "unsupported": [
          "Text",
          "Visual Basic"
        ]
      },
      "SIGMA.safe_browsing_options_disabled": {
        "unsupported": [
          "Text",
          "Visual Basic"
        ]
      },
      "SIGMA.sasl_plain_enabled": {
        "enabled": [
          "Text"
        ],
        "unsupported": [
          "Visual Basic"
        ]
      },
      "SIGMA.screenshot_data_leak": {
        "unsupported": [
          "Text",
          "Visual Basic"
        ]
      },
      "SIGMA.script_checks_enabled": {
        "enabled": [
          "Text"
        ],
        "unsupported": [
          "Visual Basic"
        ]
      },
      "SIGMA.script_timeout_too_long": {
        "enabled": [
          "Text"
        ],
        "unsupported": [
          "Visual Basic"
        ]
      },
      "SIGMA.seccomp_disabled": {
        "enabled": [
          "Text"
        ],
        "unsupported": [
          "Visual Basic"
        ]
      },
      "SIGMA.security_alerts_disabled": {
        "enabled": [
          "Text"
        ],
        "unsupported": [
          "Visual Basic"
        ]
      },
      "SIGMA.security_alerts_notification_disabled": {
        "enabled": [
          "Text"
        ],
        "unsupported": [
          "Visual Basic"
        ]
      },
      "SIGMA.security_scanning_disabled": {
        "enabled": [
          "Text"
        ],
        "unsupported": [
          "Visual Basic"
        ]
      },
      "SIGMA.selinux_default_configuration_override": {
        "enabled": [
          "Text"
        ],
        "unsupported": [
          "Visual Basic"
        ]
      },
      "SIGMA.sensitive_data_in_cookie": {
        "unsupported": [
          "Text",
          "Visual Basic"
        ]
      },
      "SIGMA.sensitive_data_in_query_string": {
        "enabled": [
          "Text"
        ],
        "unsupported": [
          "Visual Basic"
        ]
      },
      "SIGMA.sensitive_data_in_response": {
        "enabled": [
          "Text"
        ],
        "unsupported": [
          "Visual Basic"
        ]
      },
      "SIGMA.server_side_request_unrestricted": {
        "unsupported": [
          "Text",
          "Visual Basic"
        ]
      },
      "SIGMA.service_account_lookup_disabled": {
        "enabled": [
          "Text"
        ],
        "unsupported": [
          "Visual Basic"
        ]
      },
      "SIGMA.session_cookie_misuse": {
        "unsupported": [
          "Text",
          "Visual Basic"
        ]
      },
      "SIGMA.session_fixation_protection_disabled": {
        "enabled": [
          "Text"
        ],
        "unsupported": [
          "Visual Basic"
        ]
      },
      "SIGMA.shared_preferences_data_exposure": {
        "unsupported": [
          "Text",
          "Visual Basic"
        ]
      },
      "SIGMA.shell_missing_pipefail": {
        "enabled": [
          "Text"
        ],
        "unsupported": [
          "Visual Basic"
        ]
      },
      "SIGMA.shielded_nodes_disabled": {
        "enabled": [
          "Text"
        ],
        "unsupported": [
          "Visual Basic"
        ]
      },
      "SIGMA.shielded_vm_disabled": {
        "enabled": [
          "Text"
        ],
        "unsupported": [
          "Visual Basic"
        ]
      },
      "SIGMA.socket_accepts_all_origins": {
        "enabled": [
          "Text"
        ],
        "unsupported": [
          "Visual Basic"
        ]
      },
      "SIGMA.ssh_port_exposed": {
        "enabled": [
          "Text"
        ],
        "unsupported": [
          "Visual Basic"
        ]
      },
      "SIGMA.ssh_publicly_accessible": {
        "enabled": [
          "Text"
        ],
        "unsupported": [
          "Visual Basic"
        ]
      },
      "SIGMA.ssl_pinning_disabled": {
        "enabled": [
          "Text"
        ],
        "unsupported": [
          "Visual Basic"
        ]
      },
      "SIGMA.ssrf_with_untrusted_callback": {
        "enabled": [
          "Text"
        ],
        "unsupported": [
          "Visual Basic"
        ]
      },
      "SIGMA.state_changing_get_request": {
        "enabled": [
          "Text"
        ],
        "unsupported": [
          "Visual Basic"
        ]
      },
      "SIGMA.static_iv": {
        "unsupported": [
          "Text",
          "Visual Basic"
        ]
      },
      "SIGMA.static_non_expiring_token": {
        "unsupported": [
          "Text",
          "Visual Basic"
        ]
      },
      "SIGMA.storage_optimization_disabled": {
        "disabled": [
          "Text"
        ],
        "unsupported": [
          "Visual Basic"
        ]
      },
      "SIGMA.storage_versioning_disabled": {
        "enabled": [
          "Text"
        ],
        "unsupported": [
          "Visual Basic"
        ]
      },
      "SIGMA.stripe_validation_disabled": {
        "enabled": [
          "Text"
        ],
        "unsupported": [
          "Visual Basic"
        ]
      },
      "SIGMA.synchronized_credentials": {
        "unsupported": [
          "Text",
          "Visual Basic"
        ]
      },
      "SIGMA.tag_authorization_disabled": {
        "enabled": [
          "Text"
        ],
        "unsupported": [
          "Visual Basic"
        ]
      },
      "SIGMA.termination_protection_disabled": {
        "enabled": [
          "Text"
        ],
        "unsupported": [
          "Visual Basic"
        ]
      },
      "SIGMA.third_party_trusted": {
        "unsupported": [
          "Text",
          "Visual Basic"
        ]
      },
      "SIGMA.tiller_service_exposed": {
        "enabled": [
          "Text"
        ],
        "unsupported": [
          "Visual Basic"
        ]
      },
      "SIGMA.trace_mode_enabled": {
        "enabled": [
          "Text"
        ],
        "unsupported": [
          "Visual Basic"
        ]
      },
      "SIGMA.trojan_source": {
        "enabled": [
          "Text",
          "Visual Basic"
        ]
      },
      "SIGMA.unauthenticated_readonly_access": {
        "enabled": [
          "Text"
        ],
        "unsupported": [
          "Visual Basic"
        ]
      },
      "SIGMA.unbounded_occurrences": {
        "enabled": [
          "Text"
        ],
        "unsupported": [
          "Visual Basic"
        ]
      },
      "SIGMA.uncontrolled_search_path": {
        "unsupported": [
          "Text",
          "Visual Basic"
        ]
      },
      "SIGMA.undefined_oauth2_scope": {
        "enabled": [
          "Text"
        ],
        "unsupported": [
          "Visual Basic"
        ]
      },
      "SIGMA.unfettered_resource_loading": {
        "unsupported": [
          "Text",
          "Visual Basic"
        ]
      },
      "SIGMA.unfiltered_html_allowed": {
        "unsupported": [
          "Text",
          "Visual Basic"
        ]
      },
      "SIGMA.unlimited_concurrent_sessions": {
        "unsupported": [
          "Text",
          "Visual Basic"
        ]
      },
      "SIGMA.unprotected_admin_operation": {
        "enabled": [
          "Text"
        ],
        "unsupported": [
          "Visual Basic"
        ]
      },
      "SIGMA.unprotected_master_key": {
        "enabled": [
          "Text"
        ],
        "unsupported": [
          "Visual Basic"
        ]
      },
      "SIGMA.unreliable_root_jailbreak_detection": {
        "unsupported": [
          "Text",
          "Visual Basic"
        ]
      },
      "SIGMA.unrestricted_database_access": {
        "enabled": [
          "Text"
        ],
        "unsupported": [
          "Visual Basic"
        ]
      },
      "SIGMA.unrestricted_egress": {
        "enabled": [
          "Text"
        ],
        "unsupported": [
          "Visual Basic"
        ]
      },
      "SIGMA.unrestricted_ingress": {
        "enabled": [
          "Text"
        ],
        "unsupported": [
          "Visual Basic"
        ]
      },
      "SIGMA.unrestricted_postmessage_target": {
        "unsupported": [
          "Text",
          "Visual Basic"
        ]
      },
      "SIGMA.unsafe_authentication_filter": {
        "unsupported": [
          "Text",
          "Visual Basic"
        ]
      },
      "SIGMA.unsafe_eval": {
        "unsupported": [
          "Text",
          "Visual Basic"
        ]
      },
      "SIGMA.unsafe_file_inclusion": {
        "unsupported": [
          "Text",
          "Visual Basic"
        ]
      },
      "SIGMA.unsafe_http_method": {
        "enabled": [
          "Text"
        ],
        "unsupported": [
          "Visual Basic"
        ]
      },
      "SIGMA.unsafe_innerhtml_manipulation": {
        "enabled": [
          "Text"
        ],
        "unsupported": [
          "Visual Basic"
        ]
      },
      "SIGMA.unsafe_min_os_version": {
        "enabled": [
          "Text"
        ],
        "unsupported": [
          "Visual Basic"
        ]
      },
      "SIGMA.unsafe_min_sdk_version": {
        "enabled": [
          "Text"
        ],
        "unsupported": [
          "Visual Basic"
        ]
      },
      "SIGMA.unsafe_os_command": {
        "unsupported": [
          "Text",
          "Visual Basic"
        ]
      },
      "SIGMA.unsafe_receipt_verification": {
        "unsupported": [
          "Text",
          "Visual Basic"
        ]
      },
      "SIGMA.unsafe_session_storage": {
        "enabled": [
          "Text"
        ],
        "unsupported": [
          "Visual Basic"
        ]
      },
      "SIGMA.unsafe_sms": {
        "enabled": [
          "Text"
        ],
        "unsupported": [
          "Visual Basic"
        ]
      },
      "SIGMA.unsafe_webview_usage": {
        "unsupported": [
          "Text",
          "Visual Basic"
        ]
      },
      "SIGMA.unsafe_xml_canonicalization": {
        "enabled": [
          "Text"
        ],
        "unsupported": [
          "Visual Basic"
        ]
      },
      "SIGMA.unspecified_cipher_transformation": {
        "unsupported": [
          "Text",
          "Visual Basic"
        ]
      },
      "SIGMA.unspecified_software_version": {
        "enabled": [
          "Text"
        ],
        "unsupported": [
          "Visual Basic"
        ]
      },
      "SIGMA.unused_form_bean": {
        "enabled": [
          "Text"
        ],
        "unsupported": [
          "Visual Basic"
        ]
      },
      "SIGMA.unused_security_control": {
        "enabled": [
          "Text"
        ],
        "unsupported": [
          "Visual Basic"
        ]
      },
      "SIGMA.update_command_runs_in_isolation": {
        "enabled": [
          "Text"
        ],
        "unsupported": [
          "Visual Basic"
        ]
      },
      "SIGMA.user_namespace_disabled": {
        "enabled": [
          "Text"
        ],
        "unsupported": [
          "Visual Basic"
        ]
      },
      "SIGMA.vendor_provided_encryption_key": {
        "enabled": [
          "Text"
        ],
        "unsupported": [
          "Visual Basic"
        ]
      },
      "SIGMA.verbose_error_message": {
        "enabled": [
          "Text"
        ],
        "unsupported": [
          "Visual Basic"
        ]
      },
      "SIGMA.verbose_server_banner": {
        "enabled": [
          "Text"
        ],
        "unsupported": [
          "Visual Basic"
        ]
      },
      "SIGMA.view_state_stored_on_client": {
        "enabled": [
          "Text"
        ],
        "unsupported": [
          "Visual Basic"
        ]
      },
      "SIGMA.vulnerable_software": {
        "unsupported": [
          "Text",
          "Visual Basic"
        ]
      },
      "SIGMA.waf_disabled": {
        "enabled": [
          "Text"
        ],
        "unsupported": [
          "Visual Basic"
        ]
      },
      "SIGMA.weak_auth_mechanism": {
        "enabled": [
          "Text"
        ],
        "unsupported": [
          "Visual Basic"
        ]
      },
      "SIGMA.weak_biometric_authentication": {
        "unsupported": [
          "Text",
          "Visual Basic"
        ]
      },
      "SIGMA.weak_hash": {
        "enabled": [
          "Text"
        ],
        "unsupported": [
          "Visual Basic"
        ]
      },
      "SIGMA.weak_password_hash": {
        "enabled": [
          "Text"
        ],
        "unsupported": [
          "Visual Basic"
        ]
      },
      "SIGMA.weak_password_policy": {
        "enabled": [
          "Text"
        ],
        "unsupported": [
          "Visual Basic"
        ]
      },
      "SIGMA.weak_security_constraint": {
        "enabled": [
          "Text"
        ],
        "unsupported": [
          "Visual Basic"
        ]
      },
      "SIGMA.weak_xss_protection": {
        "unsupported": [
          "Text",
          "Visual Basic"
        ]
      },
      "SIGMA.webview_file_access": {
        "unsupported": [
          "Text",
          "Visual Basic"
        ]
      },
      "SIGMA.webview_javascript_enabled": {
        "unsupported": [
          "Text",
          "Visual Basic"
        ]
      },
      "SIGMA.write_using_auxiliary_file": {
        "unsupported": [
          "Text",
          "Visual Basic"
        ]
      },
      "SIGMA.xml_entity_enabled": {
        "unsupported": [
          "Text",
          "Visual Basic"
        ]
      },
      "SIGMA.xml_external_entity_enabled": {
        "unsupported": [
          "Text",
          "Visual Basic"
        ]
      },
      "SIGMA.xss_filter_disabled": {
        "unsupported": [
          "Text",
          "Visual Basic"
        ]
      },
      "SQLI": {
        "unsupported": [
          "Text",
          "Visual Basic"
        ]
      },
      "TAINTED_ENVIRONMENT_WITH_EXECUTION": {
        "unsupported": [
          "Text",
          "Visual Basic"
        ]
      },
      "TRUST_BOUNDARY_VIOLATION": {
        "unsupported": [
          "Text",
          "Visual Basic"
        ]
      },
      "UNENCRYPTED_SENSITIVE_DATA": {
        "unsupported": [
          "Text",
          "Visual Basic"
        ]
      },
      "UNKNOWN_LANGUAGE_INJECTION": {
        "unsupported": [
          "Text",
          "Visual Basic"
        ]
      },
      "UNRESTRICTED_DISPATCH": {
        "unsupported": [
          "Text",
          "Visual Basic"
        ]
      },
      "UNSAFE_DESERIALIZATION": {
        "enabled": [
          "Text"
        ],
        "unsupported": [
          "Visual Basic"
        ]
      },
      "UNSAFE_JNI": {
        "unsupported": [
          "Text",
          "Visual Basic"
        ]
      },
      "UNSAFE_NAMED_QUERY": {
        "unsupported": [
          "Text",
          "Visual Basic"
        ]
      },
      "UNSAFE_REFLECTION": {
        "unsupported": [
          "Text",
          "Visual Basic"
        ]
      },
      "URL_MANIPULATION": {
        "unsupported": [
          "Text",
          "Visual Basic"
        ]
      },
      "XPATH_INJECTION": {
        "unsupported": [
          "Text",
          "Visual Basic"
        ]
      },
      "XSS": {
        "unsupported": [
          "Text",
          "Visual Basic"
        ]
      }
    }
  }
}