{
  "V1": {
    "file_metrics": {
      "files_discovered": 63,
      "files_analyzed": 23,
      "skipped_files_code_exclusion": 21,
      "skipped_files_scm_ignored": 8,
      "skipped_files_too_large": 1,
      "skipped_files_others": 10,
      "files_by_language": {
        "JSON": 6,
        "Markdown": 2,
        "Unknown": 3,
        "YAML": 1,
        "Plain Text": 1,
        "Visual Basic": 6,
        "MSBuild": 3,
        "Visual Studio Solution": 1
      }
    },
    "defect_metrics": {},
    "performance": {
      "total_duration_microseconds": 393415.0,
      "total_duration": "0 seconds"
    }
  }
}